BlendProperty1,BlendProperty2,BlendProperty3,BlendProperty4,BlendProperty5,BlendProperty6,BlendProperty7,BlendProperty8,BlendProperty9,BlendProperty10
0.5151446828035334,-0.2269276880298741,0.2906946390914887,0.34023751996849266,1.2652520831831389,0.2933536154868847,0.2752986935480693,0.563701156487892,0.03170471674685187,0.711648178066712
-0.5420098928051615,-1.042769848716723,-0.9203271973745547,-0.6309741944641123,-0.26946796080877483,-0.7787491672136004,-0.9129074870536075,-0.589895107427928,-0.7671041243216299,-0.24971686046918135
-0.00950615069812314,0.003335068683914169,0.12231770194799031,-0.11719870483654249,-0.044625853392816356,0.41825275165437714,0.11013773759863298,0.32629841007069876,-0.23562196417133285,0.43796186431364414
0.32697113838917186,0.3794927200705457,0.38973981271964264,0.33605379936034463,0.5646339525962821,0.3507982848228595,0.3725519290874192,0.5169371308837979,0.5312563511107569,0.4890254366916134
-0.0414108608328123,-0.5447755251366445,0.3744668502756895,0.05828619828858939,-0.08589495647724534,0.10227119033701272,0.357662500744558,0.003785141615385214,-0.35914556718016033,0.6122255286836572
-0.5981128332892081,-1.0690114925272673,-0.13918403994525347,-1.0678604260343978,-0.38750401680521723,-0.6571666977118136,-0.14641382370584768,-0.23338863860336687,-0.7597634702072379,-0.26971555994029706
0.8636913683967297,0.03446335436847918,0.23118724984872804,0.2376918973688261,-0.19930871842682138,0.4643033312308472,0.21700623825927298,-0.1325203267209074,0.5792847540690985,0.3135586602704103
0.3343981781993548,0.3224138972169408,0.171865630369999,0.18714467227258494,-1.1413365543765805,0.7127559876985624,0.15880112187195963,0.19771002648666414,0.8817276159546005,0.5711973492849592
0.31573174909901586,0.2727801648439814,0.6308873563254392,0.4793407795547635,0.11641675082314254,0.26381216836258553,0.6831734186759478,0.35682754652304843,-0.2895711009834903,0.6495830093779933
-0.25052927430880184,-0.07210655246732892,-0.4515367505378441,-0.07706198723831423,-0.08404002399368425,-0.2848867653553055,-0.45292701844660344,0.23790431742102897,-0.35407529553452527,-0.10886303187479672
0.1840065000550287,0.518709669229908,0.4142795721151757,0.4383891630250887,-0.8402654480761798,-0.224702569550924,0.39674766443405585,0.15012196671557435,0.1648793834676113,0.4503603078092711
0.3578959978278538,-0.014904829785235713,0.22131791379765117,-0.4127997521126641,-0.20184277047700475,-0.22901660946409738,0.2073095193884203,0.1980391544901431,-0.01722516472905246,0.6281336886136291
0.3258733255688945,0.48843987158055263,0.4909208455628614,0.6965110566803191,-0.12058967198431964,1.109988999281695,0.47193061557662064,0.31379876992430955,0.4648080099463402,0.6321791471018154
-0.28167029431089224,0.23155706787110214,0.25671329512004654,-0.3251876420631165,-0.22348913120829375,-0.79805532666188,0.24207105636952123,0.17330930410491693,-0.8617295836846075,0.013045680681811759
0.22884965449805894,0.9204956124824024,0.42567689604055653,0.7005715953268269,0.7005782332752205,0.3177598882370236,0.4421612006522524,0.38485944997905963,0.18266805185985427,-0.4409679427451835
0.05850220781552693,-0.09029108430424385,0.3318778421544554,0.07724609802246094,-0.405247832310369,0.11447950295172095,0.31572804433151164,0.031876670904948556,0.2113605429965619,-0.1460778402479073
-0.3582973710275111,-0.4342146530946357,-0.3748545557272927,-0.6817394585798808,-0.6680323603256889,-0.20541488576350977,-0.377702443895544,-0.7431747966782518,0.10256666174807329,-0.006479377884476328
-0.09636643782758934,0.05686947255727339,0.40419856431022205,-0.01560533327941944,0.5960624050342678,-0.2689958680282681,0.3867617586999882,0.8182630873304142,-0.006992106417527915,-0.5860146701638507
0.8093209295011978,0.41925843659278705,0.9400701501352868,0.0821004867108111,1.5794164345402675,0.36564868285419877,0.9126413716851077,1.308188445363868,0.10016186834866203,1.2731929334397953
-0.5378183712501801,-0.5767654036022067,-0.09384978969617574,-0.461325367839811,-0.5129288957983514,-0.5046369466451076,-0.10196426321400613,-0.25785005174815967,-0.3577125176379527,-0.0392963753365527
-0.508133025635922,-1.0738355392471686,-0.19198693069996586,-0.904425954625393,0.24696897682458774,-0.8656144799972201,-0.19829068508108558,-0.6320806357307602,-0.8206888312673057,-0.0615612802370577
-0.4319952688331516,-0.40651679761517046,-0.24236948147058746,0.01406592758115671,0.01402449825457493,0.03552087682546899,-0.2477050323527581,-0.19195632551687364,-0.2065089799642014,-0.044162935394095104
0.36516557152881174,0.5629283363564824,0.8273057442514998,0.3057512166705408,0.16782619549664815,0.04475317546113645,0.8463331651263062,0.15645940466464534,0.06283646379953255,0.8539624197005148
-0.2809673202107379,0.32053577653207854,0.2892875097270577,-0.10216653736451728,-0.42716724481721946,0.7456941863621344,0.2739981889325546,-0.1017167512102511,-0.13221366091334624,-0.45380658047400435
-0.667820294646947,-0.7528299310900012,-0.5511198949568685,-0.4454316908094484,-0.6108904198551873,-0.5792194784336242,-0.550710775509044,-0.9839953486451171,-0.35076779692662086,-0.5666649723464151
-0.2523992950894251,-0.06397847579656092,-0.4128523780224535,-0.42707365966184013,-0.2269079786987228,0.257126552640924,-0.4149865206413049,-0.36578961238730806,-0.3139186057372411,-0.6851262895547824
0.6347486433151427,0.7193081343964346,1.0911564120510302,0.5431973467157356,0.2597981166390349,0.7277656621170387,1.0737323439632573,0.5240890117484268,0.20821862410595673,0.47733504848456243
0.4836016749104924,0.16690643516041384,-0.12730284523000432,0.06632336310249473,-0.8515129696437342,0.04301140095107778,-0.13474732336517334,0.0028146807937565223,0.49200200342345607,0.9470755742470645
-0.2835271302329807,-0.3247928908644101,-0.13346235469478124,-0.47046195023997933,-0.4849369664105505,-0.32814937543686834,-0.14080689038296573,-0.24824551043507254,-0.4549265034309197,0.5215820420972603
-0.867298664155842,-0.32512460228933754,-0.9783145766619064,-0.9123042750887332,-1.0527006612134318,-0.736706946759779,-0.9699114553101768,-0.9657002947476551,-0.6403603137185363,-1.3396273152982872
-0.13939892968477283,-0.3554185626813342,0.36525210275424924,-0.009947874150323307,0.02413022619962366,-0.08426029378191156,0.3485988007878257,0.14315291820912204,-0.3554771289100594,0.41683163114085525
-1.2874168313205492,-1.1644075087358807,-0.5452126350407227,-1.1115213017816283,-0.07347549170767827,-1.4132682074796503,-0.5448866403599809,-0.7539977409835672,-0.9789263347671509,-0.21000133807758195
-0.11310252045643288,0.10168774756662428,0.17374924281418205,0.28847427229322636,0.5730319076542411,0.30906785507428447,0.1606376699969827,0.5315219965157325,0.4769179699406517,-0.12229927514351063
0.7507297264971541,0.8577234281725872,0.37870834262910524,0.32045555013683164,-0.4450300193202604,0.30812944588589286,0.36178313645604543,0.664492120569688,0.8125256138354034,-0.48930356253445434
-0.21521077107223868,-0.4278814494010412,0.0052330400529934555,-0.4975721874330759,-0.19388916691875344,-0.4429389545850096,-0.004732319211140484,-0.6038860581160623,-1.1286152863133194,0.5635692111294993
0.6005470928504387,-0.017505570744966954,-0.0948428461143329,0.17292876851722305,0.5985073063317358,-0.052503206064866505,-0.10293457854750503,-0.07888703474225564,-0.3483732660360947,-0.217188834169169
-0.24419824673657306,0.0754322411971799,-0.7684634005224439,-0.1388620917522191,-0.25645402764565106,0.4344932154111699,-0.7638979027713282,-0.665683354873701,0.6033328676835763,-0.054692459207203926
0.1599008777493617,0.2026051971004696,-0.11848181018796984,0.30622156749045365,0.4357208138744204,0.44260842873678946,-0.10936041449916703,0.6981933519048357,0.740333003220777,-0.4838233512435519
-0.9410206540324845,-0.48104012343070296,-0.3359852827945744,-0.47449871672029487,-0.19244313952057232,-0.22784165686716223,-0.3396067142904021,-0.6983919976455805,-0.2543849921773128,-0.32150759057280964
0.1154596915646962,0.1912713180431371,0.3872624192656657,-0.31335768768385897,0.39585913779374154,0.433551752649894,0.3701961774167454,0.006017900132074753,-0.08378399327823738,0.03301765893791372
0.8563691845281869,1.0953993955497912,0.8125638367314674,0.9728113652591172,0.7833532741068683,0.9762162326155558,0.7875063232625638,0.7599675991819929,0.9319740489381454,0.6196050393173956
0.4757033168200186,0.624271176399544,0.31163956192585845,-0.05182800594259448,-0.2023418717342677,0.5721245911049883,0.29595698493021705,0.4055924601315945,0.5363484196036146,0.24291909101169118
-0.6548251531618525,-0.564768351819786,-0.6903084312653053,-0.4859156930954728,-0.5886118963706138,-0.22669709771639776,-0.6872697546139048,-1.1422084500107004,-0.5901150409940664,-0.8862729489198865
0.2907544495233297,0.33066771257255106,0.014585200940552125,0.2181225275530561,0.2052558320182391,0.3828064262158566,0.0044320425049833795,0.5945903268751626,0.27057169684873594,0.4156195739200559
-0.3194235321247022,0.019063768132581347,-0.004574253320781538,-0.14910515578657935,-0.343706767348882,-0.43416972083286876,-0.014358310053305512,0.2879297229162438,-0.348955771539393,0.43051123556385873
0.1542346502727613,0.27009132445565626,0.013190993556316786,0.21037262421924607,0.3725010371950323,-0.47961038114184457,0.003132424474283012,-0.468863353833114,-0.034438017672265,-0.7869960406338262
-0.5874029986711089,-0.3750349449108039,-0.8064431310141297,-0.4811103156101891,-0.6771729787983514,-0.8827229802828281,-0.8012319466417653,-0.32871613042267545,-0.5657637814992417,0.09526120052868711
-0.05202348208754098,0.3705511595067934,-0.5998478804140278,-0.05648380592913811,-0.563119890291697,-0.04463998986688748,-0.5984862052790623,-0.4171566317181844,0.41072779766080647,-1.1610892897449034
-0.4597552370838835,-0.1903935759029912,0.5527291671015011,-0.28994506137578374,0.3963650827406481,-0.48797506742883473,0.5325214865982228,-0.25287540385443713,-0.7567949958236506,0.3198724525042339
-0.4519752544828307,0.16260296586981815,-0.5080120820773056,-0.3435249623035946,-0.27899625431681463,-0.505858835286067,-0.5084180881671134,-0.571603026675806,-0.6981130193633239,-0.7113520557938948
0.927159775014162,0.26934995262267286,1.0709768883264725,0.12388068585086458,0.9463918699175204,0.36644220164863184,1.0411142749257496,0.36574561799038624,0.4577320773628808,0.21859419782723302
0.4858119796687983,0.6821497301249992,0.7283581071660029,0.5928605935399913,0.5249296422012405,0.7611730304202985,0.7207491516868767,0.8222343889201491,0.25527122066368446,0.05028136744252026
0.09482863149935812,0.25919656869534896,-0.4614935240405023,-0.058155992927146676,0.024374885523090556,0.43878091334670094,-0.46273744583676163,0.26580106902792194,0.3960818807538777,0.5666144867117383
0.22875066138878936,0.10368833587130782,0.3545782079730888,0.12822431925113162,0.5816382709921615,-0.23652157125988552,0.33812928862484914,0.11337735250801836,-0.31468340839199493,0.6815538599048048
-0.08438948858133764,-0.1498010213970872,0.002678493993519147,-0.21668782587579488,0.040835028722081376,0.3478722528024451,0.005639609980616558,-0.1908069607561314,0.1922049304917929,0.26651571152680975
0.8878085745712385,0.3671411542600579,-0.25201337776281374,0.6105204636458796,-0.04671519223977008,0.6015075957461766,-0.2571271117610712,0.39666125638418387,0.7045974045586227,-0.062144369052127585
0.035584297967286314,0.3124972238270551,-0.18371327173527643,-0.31817479855850156,-0.20111971955507355,0.25967077325278115,-0.19015860417908353,0.08532815341022962,-0.1099662074985491,0.3071201707216076
-0.4475811244584123,-0.4159714191699844,0.48585700265826326,-0.29790930490065753,0.11858834943229918,-0.5400406510994951,0.46687114132536917,0.22599683397444895,-0.4144226284422227,0.6722216454818991
0.5856766514409948,0.47803648184721426,0.6688821189130917,0.842162995205616,-0.33967880580055054,0.5812729652073942,0.6465054003733132,0.45859712422865156,0.36392770111108924,-0.19954842072281365
-0.8614794331808685,-0.5835042517656044,-0.06956750148681673,-1.2542591664839096,-0.3460553906499506,-1.6001947862907577,-0.07809908014676015,-0.3818220939494703,-0.9939554794428204,-0.19834204748230272
-0.24760085258693076,-0.23064413670628364,-1.2881736161347486,-0.30270724601690413,-0.15276156718271397,-0.29061124116931447,-1.2739402099666626,-0.8114416979570852,0.5094649404931659,-0.5788929221421777
0.10078766549383289,-0.7507168376290533,-0.20472639383234872,-0.48017350973228295,-0.7847602230626459,0.3163245470653588,-0.2108082338691788,-0.5668392038632176,0.3647954875461793,-0.5329734938401843
-0.5470703002753585,-0.5609449939647694,0.5235118650517556,-0.5633812321633159,0.41735153552266024,-0.2685383547858067,0.5038129472821036,-0.552846709306015,-0.5701054646815937,-0.3315199006327436
0.08172387593821624,-0.16589989344817443,0.02555965538873879,-0.06925463120118097,0.2671710529466459,-0.7035733011739148,0.015215337472235194,-0.5314044658026773,-0.40901696943614707,-0.29999324418481327
0.43843356728711186,0.026487739213118974,0.7679204908375608,0.4803468651726958,0.46992043532886457,1.1274127844090758,0.7604293249495103,0.5002659087898341,1.117969556565826,0.4966449735318006
0.41687975872803174,-0.1523002741814882,0.26167419699818534,-0.07229332095786785,0.04275348183427064,0.23169715864235801,0.24686793531485146,-0.24680649248573153,0.1550017012755381,-0.024811020428010377
0.2733988726466227,0.5412479953552316,0.42191385349544297,0.46741820111146587,0.26757680936484945,0.2244992463940654,0.4041326625429531,0.4633207632935679,0.7603322588809712,0.43587349247223606
-0.3461317024838738,-0.37390975729395215,-0.5683853020988409,0.28699607802280147,-0.5772263100694368,-0.10532839777730611,-0.5676281147431236,0.28131728983358206,-0.03345835105436716,-0.5075920181243223
0.1133032565869102,0.35753297412578255,0.22584155684213075,0.2355821936039562,0.3286390952560355,-0.1302170301716503,0.2117276628024604,0.6713045401219933,-0.034474313899830154,0.5228729616553762
-0.32416038540672665,-0.5758297972766673,0.1814567057051649,-0.4829129261940478,0.011006797986280603,-0.7073972775641127,0.16828277552370555,-0.15808820134187773,-0.35509736334331365,0.5704028938789664
-0.6421879262152559,-0.5211407509122851,-0.395702521702305,-0.8352504304887742,-0.5618640791573841,-0.8499156170606944,-0.39817058918058257,-0.6713687775613013,-0.739332897565937,-0.2617103695169878
0.8855039841193877,0.5347585749137966,0.7317662976894156,0.8828930401084405,-0.20630490020182168,0.7499839857583254,0.7082189479995928,0.7266058701364372,0.542567783803553,-0.06108309757044629
0.6566307311390566,0.3552536473091829,1.3496429596613986,-0.09941457078182848,1.0201602900477658,0.9172784324771408,1.428334554879695,0.16044535477636074,-0.046894646428757174,1.2776960532297186
-0.14721935745146042,-0.35882156291367034,0.5450607820054019,-0.3255922150106325,0.051430677318041344,-0.25831478630974336,0.5250874772340565,0.10378189593686607,-0.6046667217212536,0.7491366481940026
0.606825883016702,0.4796259503532616,-0.6173821821026891,0.20640141401213938,-0.5893174418423802,0.14897217367105786,-0.5131794439834192,-0.1524669394315895,0.3531354475880362,-0.4599355760296488
0.20615301052992566,-0.05442909066607243,-0.37270057107909893,0.2944019991132167,-0.3551703885587138,0.21368616037165372,-0.37557824406006923,-0.09610952573407185,0.2926136321230507,0.03928642785051203
-0.40534207901221997,-0.31271380795718196,0.327177751325241,-0.5998690131339594,-1.1568158479488213,0.10232346977652691,0.31118352429398555,-0.2379134526064656,-0.41116987817887024,-0.2940527485215455
0.8048663287947277,0.7414068470616865,0.7971112120823158,0.6404157507459018,0.46996938050852244,0.8668084282934768,0.7723063190320597,1.085957592694498,0.822822851933271,-0.5181604415384437
1.084859816758821,0.6543874722055627,0.5384590613918014,0.8911597618869548,-0.7561097998185997,0.3896091598842791,0.5185122785260827,0.5574471679168865,0.4627594366636652,1.630073182397238
0.2575573726307536,0.060061015882883505,-1.091141043159793,-0.13913642969617027,-0.7262671461642954,-0.2104714718106433,-1.080642214395539,-0.5311405460178372,0.5701553780351575,0.053427303881047085
-0.1346025872769326,0.5025186899185984,0.4760165842539898,0.17694060135919276,-0.13765580884466658,-0.4943120420552565,0.4947691279439616,0.21098332597861466,-0.3130127258016449,0.5674770683168706
0.7269182766500082,0.43630193345314755,0.0716130911618878,0.5087419111593554,-0.34522215181042243,0.42459996829283575,0.06037346542805418,-0.0426868493855697,0.23531701370851177,-0.3514013960558004
-0.40432389166166066,0.43074934243012253,0.3358918241482425,-0.009871055219001158,-0.38871963496900186,-0.040529246402398314,0.31981597751656005,-0.1468198105624139,0.3678120369851792,0.2578515228809233
0.7861236006490658,0.8355190421724435,0.8333706475002752,0.527227302975225,-0.17362085091075194,1.197405151036911,0.8344094563562822,0.636211895106665,0.39802163741865487,-0.12102401010235056
-0.05704314119103063,-0.16950734758198135,-1.3877601431196842,-0.6578949097286836,-0.19184072365133498,-0.49923659759983796,-1.3716710559458425,-0.9390554971608944,-0.014814264069149489,-0.3735991919656077
0.5171321937418124,-0.3690059933654459,0.4532461978497998,0.0018673840627484721,0.5843717970225442,-0.03488363580847688,0.43495595990340696,0.2739158341445785,-0.9519329667368525,0.5620813151173248
-0.2166766873716463,-0.12190051786700626,0.19731255923087485,-0.3225192123482701,1.037136828473317,0.1660928099901187,0.1837442746715764,-0.3370955145375155,-0.2066356741455739,-0.4540221045002782
-0.33876357430266135,-0.05083387422361894,-0.2818731244209167,-0.1234144087334466,-0.5197837118640546,-0.5371304864459768,-0.28643606415959244,-0.24425656733971085,-0.261608828215424,-0.3444307032846711
0.2789008264005302,0.026534793600392816,0.05351507262991548,-0.29910541898718584,-0.3863946714596518,-0.4497154681546491,0.042646275725896944,-0.6442100238146559,-0.3023144059854508,0.6528774549207798
-0.25864279385837713,-0.9634696856227347,0.4715256188000983,-0.8159121637384836,0.9109721846352045,-0.4066448282634227,0.4528097374631163,-0.18383305977213288,-0.4401783025885449,0.3122933418893554
-0.3377281711706664,-0.2810683793926432,-0.1244981919345247,-0.34150939987210416,-0.49310396837601556,0.049373776280531086,-0.13198900438754158,0.011366584392779279,0.4616309131523873,-0.6278972563588591
-0.8363837638601507,-0.5032232955533302,0.037792017709277356,-0.8059726374982528,-0.34244328935093465,-0.6256768758961042,0.027197533084161403,-0.8011249014083819,-0.6124683558102293,-0.17627149864425196
-0.3254340690784861,-0.5618188166477979,0.21978354318604174,0.16358903216016055,-0.9372744312512516,-0.4002862042222698,0.20580181362068242,-0.3515559391049578,-0.5558565552541809,0.09342798646517915
0.1798878843597082,0.06580771096898644,0.15199568838993224,-0.230418484907259,0.18336341077094723,0.08205451093911532,0.13933168418423938,0.0501996175186611,-0.07971256383669166,0.793754293755124
0.017927450779868646,-0.5130080554863926,-1.0689486319673025,-0.48106609364457814,-0.20294375202862014,-0.03696581172568498,-1.0588698099890173,-0.42567522190064794,0.1703805942059274,-1.287377470643389
-0.8117279235866773,-0.8180741818875786,0.36799933544414526,-0.7887499757007089,0.35295033951046983,-0.8900269666472646,0.3512792051463054,-0.32193126014237106,-0.9584444410770303,0.2548743403080808
0.9283094150337782,0.5319799007640934,0.3378346443202018,0.7603577200135514,0.7600339864547073,0.6842271101581557,0.321680708974043,0.5771123267180818,0.4279962744866115,0.2682962168323043
-0.7496416636796114,-0.7778885368586496,0.43916718956895506,-0.09991776746027554,0.6890538328173439,-0.6171051128660076,0.42720412896023924,-0.1529629467263977,-0.6605496152999156,0.3088655492869781
-1.0124476812799952,-0.8776187553548344,-1.507058819960974,-0.9183026797904777,-0.5882507244406996,-1.2035676053892455,-1.4887228867472704,-1.5013825925901696,-0.6685306123821291,-1.380636454056766
-0.6043706547145838,-0.9479304325360925,-0.43566113745271856,-0.47662473861493143,0.799283608615245,-0.5178305758464857,-0.43739150435028823,-0.7370596551503721,-0.37171230703702945,0.1829461254323562
-0.13358641086542927,-0.4889354436181891,0.12046249590430841,-0.46578920041871985,-0.2520986981580394,-0.23067053166342832,0.10833467459924692,-1.0596537413721616,-0.7869612203710724,0.7250936181159181
0.053565508143782074,-0.005843490487490652,0.3639084853711722,0.13373665821237388,-0.47816283008480603,0.6430111935045576,0.3472808731292412,-0.13932590410833207,0.22159333090886565,0.5632994893088911
-0.3872866205423982,-0.5798209979323895,0.0005343646172617527,-0.5544805027983695,-0.5334012700326494,-0.9515254840239681,-0.009310320753518914,-0.48737381807455354,-0.46971417667348375,0.14213975578167987
-0.09731171773624481,-0.6673494291357452,0.46823004938769225,-0.32073461826644645,0.32650198795138075,-0.3037077112341677,0.4496179954526692,-0.22842965544046226,0.002073630595281551,0.8809431361008232
-0.31336813801936136,-0.2866614415226019,0.8426880209887809,0.19742422943040316,1.2157537197859924,0.17535781586832086,0.817048948770201,0.09230555583110849,-0.44816670337991665,0.06324771936787361
0.246806844884219,0.012010132714770727,-1.1870442198829345,-0.06313059322771752,-0.5176521259979546,-0.10158694232193803,-1.1747296896598534,-0.7137165506655352,1.0225205380191729,-0.9838895850660114
-0.17037212797739432,0.5005001849240328,0.953240263852754,0.6831980378274694,0.1290438271184644,0.15198165168068106,1.0320567390545285,0.4201323346229402,-0.09017453426824454,-0.25404500112395373
-0.5051231785880262,-0.15686942451858885,0.11055616670578462,-0.07217151315863202,-1.0896395387840088,-0.41408685593880523,0.09860162713997644,-0.24994467117616512,-0.5504669718787057,0.2688097562602822
0.3215495135967169,0.02470988456750916,0.7569299904861949,0.026490977736569117,0.40156410843875434,0.09327386739019623,0.7329084834561788,0.33149188965296594,-0.2717898887597544,0.8336462175411429
0.616985959756357,0.7001177879808835,-0.2533221029667325,0.7186286735262765,-0.22437180949591845,0.18193166386774684,-0.24792567229832602,-0.33404035680776195,0.5443960308103859,-1.2198424579243545
-0.563737820802832,-0.5794651779656242,0.366840863535165,-0.1886221336283517,-0.06235834082303999,-0.38928832159962656,0.3651077164298554,0.01858224819191623,-0.576606031294321,-0.44060357433871566
0.2693438742146428,0.48585186233979366,0.5850239717431666,0.15072239677433558,0.4453573241332365,0.27807200384020625,0.564188183014604,0.47369501426048727,-0.1321479388020605,0.08786165439945527
0.992422112283523,0.6972179365242785,0.312335683854425,0.9856430162277529,0.4008234890291939,0.582262941319072,0.29668104996939887,1.0345358810217136,0.7781058885477808,1.2677579475129066
0.515723271381545,0.4856930055310656,0.20344619727353683,0.5657871039895741,-0.4245347227955161,0.564818660485549,0.1898163279295831,-0.17807863158918064,0.9039451830160177,0.38987390479108586
1.107065037869616,0.4982733096984798,0.04531644662795672,0.7604230260997346,-0.44324752142460827,1.030653946916892,0.03460360765390656,0.2678533685815047,0.6398520099685123,0.983523533043555
0.5794088018019555,0.45846866846030304,-0.02363432381066351,0.150201546182488,0.5683486868345041,0.06824970448013873,-0.014732295017509424,0.05812865244953414,0.6621397373820452,-0.3499576164471989
0.13967878961136623,-0.08098160463865223,-1.008470663848384,-0.10558356752929687,-0.29859511255166665,0.11537385623700092,-0.9994732822620044,-0.19403613464940359,-0.02297299199009708,-0.8745435943161805
0.27852920740823384,0.42409559267226976,0.8657365348025541,0.4141836603163088,0.2557573730103007,0.42743322781825804,0.8396362176584494,0.019473305614032516,0.5661526817376312,0.25635540659999906
-0.2217363470348564,0.02473976740891114,-1.3015426612298746,0.04214598352372341,-0.6721277651948291,0.2451678722956839,-1.2870900682719248,-0.5480872365106179,0.514811008681867,-0.6320921022114996
-0.1642660382533463,0.3781053483991043,0.7937785380837256,0.4147769242367451,0.7636040181978155,0.2008666555360318,0.7690274082236316,0.38507702213453154,-0.10591031010520326,0.7167832680645592
0.143850967753496,-0.1273329522337287,-0.21385442099106244,-0.01316130808559411,-0.17362925630866638,0.28706217902954007,-0.2197106183066254,0.12631497668774155,0.3899278899530009,-0.2003646406849699
-0.7224552031276646,-0.8784415987220451,0.04558151266461343,-1.2476014297122089,-0.10081334385266387,-1.049586282479761,0.034857878493717374,-0.7880935508093623,-1.0850795484213749,0.14823211939965025
0.27217785856254084,-0.014224627199038043,0.33822734791407305,0.2711399073766402,-0.21379438217312127,0.431526618138963,0.322033992981842,0.6768145061773473,0.28884745050699534,0.34604194842568653
-0.017690959238989893,0.3492706066218422,-0.2323844120946574,0.1714125804553038,-0.22547508453850318,-0.250571068473671,-0.14274979632721693,0.09244028686728177,0.26546353219145735,-0.9367932438741098
-0.0767100180842299,-0.10021637125447523,-0.647877209363212,-0.10501891566174061,0.022190291796004413,-0.45405898364635444,-0.6008133552583672,-0.26412269163650987,-0.018493205132137376,0.05274127206048349
0.5929781887730208,0.6817420865475569,0.3807130698680192,0.12868315322220877,-0.16917583832872293,0.17547039443532178,0.3637496076475924,0.5061750569715542,0.40133307956203584,1.062288086576179
-0.7183935995629475,-0.6269458348060024,0.7309376937348759,-0.18251444758628887,1.4238249287695262,-0.7616037724313831,0.7074248687726988,0.13656610404024747,-0.6152879600240648,0.43553319276463015
0.7712731733442847,0.8769011293825547,-0.26666923522238256,0.6483633835355709,-0.5765102785364765,0.27719334482257335,-0.27149957571995553,0.20961561107464305,1.0392289153776797,0.1708659024844151
-0.08432807673165423,-0.26392681771665233,0.11933209477995488,0.12082134321023906,-0.10352619392638172,-0.14923045234897764,0.10724404011785678,0.15788610639215428,-0.6314050037031723,0.982928607807316
0.44725471161172187,0.8591381317524728,0.7151005868482719,1.3647109373124184,-0.19665228123578632,0.4863935371628504,0.7403165621512717,0.5704101482364139,0.2924432406595724,0.6089974480877501
0.8521403125565208,0.8857838868244639,0.9887967599536974,1.4282402018380154,0.1610962777246416,1.1870230616876234,0.9770760418792918,0.9737661968889723,0.7595230164857814,0.03424272583613464
0.5728567582241954,0.7943355952591813,0.08978135725841288,0.7250946516990098,-0.3093659875192797,-0.010532636691789419,0.07820291613492612,0.32560346064658136,0.42740612521732774,0.12622852193098105
0.226220128685844,0.5880365411610021,-0.55612485621482,0.6610826160258222,-0.26728197751518507,0.09548019105141237,-0.5556145583854046,-0.3513535934130888,0.2709541766272379,-0.9234923082573238
-0.09978567128244613,-0.5679978492127667,-0.05538765132764051,-0.5512549793646975,-0.43399789875374994,-0.3320738417942362,-0.06419833355300404,0.14893253382154176,-0.1385577772493319,-0.1836704883629944
-0.5515744957061771,-0.1497179852908766,-0.8369706497138901,-0.22988911400024495,-0.8428602380045087,0.03776581125584816,-0.8311762797939596,-0.12370161638287998,0.15834399211675615,-0.6236486345693979
-0.08556248766353078,-0.6464703049226338,-0.6343275037133804,-0.2357957125052084,-0.33352345145325435,-0.18999670252568723,-0.6323007797391033,-0.34062100928954814,-0.30445591073307154,-0.34125682801634993
-0.08797167753852912,-0.38262312135186705,0.21040333503927827,-0.281447206338861,0.2330837487641788,-0.09886254140635559,0.19661198365996013,0.007354779239473771,-0.6147181774634619,0.29544586383224475
0.2910389469671901,-0.15406772167216073,-0.3874414052433219,-0.018981417243021638,-0.19138766339269458,-0.20963012388214267,-0.39006255527738315,-0.8700004608997501,0.12121088882007118,0.12354964707630599
-0.4586227781464723,-0.7045934342260995,0.2596019463073604,-0.30173839469970787,0.5653139481842782,-1.1443085174160648,0.24488580356849105,-0.08725281557500347,-0.9586558633815666,0.15633207730864662
-0.24229834513934115,0.029811626979865235,0.32606517738041135,0.04703632351726744,-0.5140295937489601,0.5158502088029482,0.3549007966477011,0.3045944119135073,0.09933635101265406,-0.12314638958326843
-0.8646285164492352,-0.8434623353506829,-1.1208458443467275,-0.9885771771106446,0.011139688585900306,-0.7058820122892683,-1.1097108567050458,-1.0862317304805629,-0.8270318267626007,-1.2227736365950856
-0.897686237419587,-1.2481878372368238,-1.514258974082055,-1.2172887543860926,-0.3937404829568306,-0.729604352301418,-1.4957896877740706,-0.74674285837272,-0.036618236991478724,-1.0709542307709412
0.02493947369911206,-0.012056711236985504,0.615364426029504,0.10729729186394761,-0.45770806597583674,-0.16877819662497434,0.5940313797450045,0.39531806071441117,-0.1985540249197256,0.5494390041406454
-0.4482810093097232,-0.6062233671822027,-0.12282772752292372,-0.2105534759297935,0.03241598615418484,-0.3773936584503115,-0.1303732361859636,-0.22745103311354528,-0.33403378076187634,0.2834962202128712
0.6037662919320584,1.0367899466721722,0.23365122346309497,0.9138827436176679,-0.035155588030325646,0.1778992195937793,0.2194046037380292,0.598973566011244,0.6632022150453493,0.8911607107296471
0.7607956782215083,0.6676833051878954,0.880685058680896,0.8670743262978778,0.15701547052966786,1.1024848202170248,0.8543925305403882,0.6022724420711572,0.552118395907795,0.8471628175187504
0.5873895557071211,0.2354182300516981,0.08601409061327912,0.5043019148798844,-0.2528967497143562,0.4868215677845971,0.07449754023684355,-0.4488624626655999,0.09906877452669369,0.5176580688865989
0.47913969072285706,0.7931905174173937,0.14034186439374832,0.9762240677874666,-0.06761845097264545,0.8293944225135754,0.12784066407322106,0.5674195126808989,0.6379080251787667,0.24485114675272496
-0.8965369232851284,-0.6145184222260344,-0.60464184949549,-0.7013827584905968,-0.34505820976341445,-0.986353927320218,-0.6032056419946749,-0.8393936653081595,-0.5841928888301798,-0.10037741193468726
0.8200306342828279,0.47869581005448053,-0.25117343471496,0.24470664697176994,-0.6102078718562741,0.6358839783996632,-0.2563406386092804,-0.23197752940277483,0.66265714588808,-0.38482185321571055
-0.6326875220884696,-0.7162809686160779,-0.14316699878889283,-0.7517299458803794,-0.04372117997167254,-0.903948302548244,-0.15038650184572672,-0.8686833500307738,-1.0240330545779581,0.30724026349217853
-0.1261600540395758,0.13114694601898794,0.2964242958678647,-0.016747265573432913,0.3293333498233498,0.11043400935904776,0.2809891033608155,-0.5674952062199103,-0.2864921926090868,0.5108725765878507
0.17111701935656548,0.21412944080426582,-0.7675909305980047,0.15440290337385615,-0.5734102989790796,-0.038571601548445286,-0.7631722182061061,-0.06797401071010671,-0.3267137718387123,0.61998772983585
0.2984949844229756,0.37358739525205115,0.38537345561805736,0.32820925779927446,-0.0555340020806886,0.07964876332708673,0.36828484586763005,0.5296617038870074,0.9415424552424853,-0.03541439021841888
0.284969261027142,0.22720506831871548,0.5090910031407219,-0.014433933614816397,0.024963796105514684,0.34891289797797387,0.48978576788357464,0.2959805051981252,-0.1699192776650202,0.45469496800217724
-0.15361353983133305,-0.14213742532818285,0.13493271186411848,0.2839048783610135,-0.8425640167166616,0.2982845975895612,0.12256060662677476,-0.0429513731670738,0.4552385155713805,0.3791003810678453
-0.6429094593698224,-1.063596197811369,-0.5838415167863362,-0.540811674148184,-0.04271553389177296,-0.9808907524494178,-0.5374992845402101,-0.9894709666989819,-0.8351091147207088,-0.023497988241724072
-0.3755446754580304,-0.33784199169801254,-0.030255516407039038,0.19992451392323843,0.006690324828195615,-0.2921323798194754,-0.03951993418532678,-0.028672356718271744,0.9178171650515097,0.003769681996655177
-0.7168068833735135,-0.7792777836723018,-0.32698817559262366,-0.8043954046978644,0.024014126616050784,-0.7954810796269455,-0.33071290730247493,-0.26517817819430967,-0.867515606729214,-0.10687499370642584
0.3861936401492744,0.13257525972409023,0.21414869701022476,0.08013705144550902,-0.7474981072671267,0.19166700073603193,0.3052532279058484,0.2022119348155104,0.03427825712982054,-0.24511116578679182
-0.04429156827086643,-0.3415524669484223,-0.9766467066133081,-0.2301907340658256,-0.4857291621339363,-0.4270694254905865,-0.9683102201946967,-0.6996634836695788,-0.26747509038291634,-0.8501858747498612
0.27731780717507015,0.6047782621839126,0.13582817569899508,0.4170461097703664,-0.044645282712386415,0.5295304211407547,0.12346695453273097,0.3589964399706326,0.4868438686767625,0.6462139584017711
-0.4614921540228805,-0.7641461258571907,-0.13221091031526286,-0.5763810633135148,0.014038812731227158,-0.7897337308967249,-0.13959014468350361,-0.5079421024282327,-1.0832553409839274,-0.11128982206715905
-0.27296658104248916,-0.7407107972230945,-1.180660361686677,-0.3935941305571164,-0.47445424812736386,-1.0736708313757255,-1.1684994069127288,-0.5333188977638494,-0.48844397426806596,-0.45598135184982425
0.6030856734548569,-0.1538428196032649,-0.04177632041711765,0.5477652611100378,0.06644957764683573,0.34042452031277065,-0.05082947925652836,-0.07773630683408381,0.3076490383516644,-0.1940277249617529
-0.04750210800819734,-0.10045402703565798,0.1114322202309509,-0.24975914896573423,-0.17993227288339297,-0.09868868213336318,0.09950356210421213,0.14098455507719762,0.221782028301991,0.27689844213745296
-0.18756805786098493,-0.01922857798217033,0.8729660739987666,-0.035738914626008936,-0.1552988055647379,-0.513720935481043,0.8467609969093528,0.8247580408359203,-0.846747631836311,0.3300610359153135
-0.2228301761382893,0.0024358918661983777,0.23845061719339264,-0.500498593500581,-0.30859868023891956,-0.1554749174828626,0.22415878796462,-0.5745295485890923,-0.1175492523171131,0.17460365553625867
-0.2264603848338025,0.038926281037801796,-1.3912871373442213,-0.06106654824281106,-0.09369439446673514,-0.459032935171062,-1.3751513316170425,-0.8075608823858511,0.19186147933702943,-0.9720171722227514
0.6658951141929431,1.068937872214423,0.6099804440728902,0.6605169047706086,-0.4564439626733344,0.4789307229834304,0.6373857052790852,0.6188152410716318,0.2637929126298899,-0.12768585040637861
0.17413852694315318,-0.00015728532455818782,0.27655783482960555,0.0545294091448252,-0.0367975644277288,0.35431488734502875,0.2614786125499111,0.1974817319947462,0.3522907724848176,-0.390964741689781
0.8912795245983224,0.14148597017387154,0.16747627782127114,1.1204069089335091,0.07054075301994663,0.5326450866538817,0.1544921353604436,0.01674071008227688,0.9213568348724743,0.2353798649677435
0.30185259782149715,0.3272882403970018,0.5652805090671684,0.23582178592190828,-0.40629117574548934,0.02616369517260242,0.544856928782114,0.49970651479356293,0.15365681649495846,0.1514470763528728
-0.14799616537455854,0.1403895446581308,0.6609489202128602,0.49682077757952686,0.15413086901435924,0.03201571629917806,0.638736579755355,-0.16372084075251103,0.3080228884564289,0.4501643714764117
-0.11708984075979588,-0.5500383432976687,0.23620841227312012,0.3576815423763574,-0.4823197130615189,0.5914131897827078,0.2219215292393249,0.1286157453460046,0.2984306236798021,0.8323025519751965
-0.34517676345111137,-0.34622304396813663,0.22059763985503011,-0.30207647072968813,0.6531037016433776,-0.017971584709905047,0.20661819120612382,0.26757848983182364,-0.04907907027421181,0.21512605864495196
0.2946385956158639,-0.17923446343117988,-0.18107511875728952,-0.24804182560788174,-0.4132827094643283,-0.19521683927542946,-0.18749928425095996,-0.08610209549753621,0.0007801214011810306,0.4853910151355122
0.4642326297996726,0.31498333540365164,-0.15723907399478335,0.24374762093552224,-0.21623629332343586,0.10712865805583631,-0.08070513640957479,0.5441714779722359,0.7106704764954592,0.007675159971251139
-0.20761127937766716,-0.367647468939156,0.15789344811604666,-0.7905337446474688,0.3206400852218274,-0.6774057669843969,0.1450881956309089,-0.03325342630116019,-0.8295100821260291,0.03166022988595125
-0.5311618709850685,-0.5276220560608745,-0.030887960327206875,-0.08224355473870922,-0.5076167426049673,-0.21641105031566818,-0.04026428084510071,-0.5525240488797073,-0.39077308414453565,-0.08236472736973129
0.36223127136476735,0.3908344508857823,0.362335109503699,0.256250375299929,-0.35644578546137945,0.1822381790592832,0.3456979062927947,-0.05766214270650072,0.06626748924456095,-0.6622560577875883
0.5167277242705204,0.6286083963937693,-0.760594678567498,0.40731579155526154,-0.9130769594351263,0.08945055582626052,-0.756242421684085,0.16683033136329614,0.4195478892873788,0.15344054920741665
0.20743853832129236,0.28881614295155544,0.3996147098980137,0.24302322429686085,-0.5446580972739485,0.9285189476886965,0.38232965867180724,0.14438249955729368,0.43082969023238504,1.062376632282763
0.20208246875170752,0.655559122480657,1.0053820509787066,0.5367425745529892,0.943879562714422,0.5229337952057787,0.9943354020805496,0.7620712166281352,0.6286383957523098,0.3534846945176452
0.9466600655747942,0.3536889328960448,0.5251102872190455,0.7314929906869179,-0.7877906300432721,0.548178701625739,0.5475933106369495,0.10635166265864726,0.4335926722938469,1.2398667170433841
-0.45975681350668635,-0.20991569065547877,0.4192180242200857,-0.32214553564021947,-0.2512097855993362,0.16009666817922952,0.4014655544410635,0.1042436587234079,-0.19926777256488612,0.4307649447473634
-0.2832493640829534,-0.13271957207196033,0.50823933471078,-0.11150025322329196,0.21007826862661877,-0.45253848126965573,0.48890591662496513,0.6434991238167774,-0.15979148165640583,-0.3954116535634792
-0.442949939178613,-0.36788065507943185,-0.7037513918861215,-0.5990011013762997,-0.3912764927185401,-0.16560251961163108,-0.6879140127417218,-0.41121555303964574,-0.2978426379264848,-0.44127380294309193
-0.6241278119747734,-0.5469666392739472,0.17769826167543573,-0.2099668965726995,-0.4050703965704873,-0.020136600054285664,0.1645511938972514,0.16913850776351846,-0.1702271652522203,-0.07352996001285006
-0.9040179719477497,-0.7559020775080179,-1.0796417509992942,-0.7148419287136328,0.05031454344590046,-0.8466070199459176,-1.069344148133896,-1.0629572347875418,-1.186856080335184,-0.5280468752760055
0.33579865056898356,0.7146195510424365,1.1468763430283053,0.8797195046758757,-0.34627577609729737,0.8623671342179055,1.198573094928846,0.83829508372972,0.7027495907203558,-0.003379737441101648
0.5042710705258954,0.28187034007614464,0.4902629265508532,0.36956116021143975,-1.003311392593456,-0.10616454685063943,0.4712121350982804,0.7231775393534045,0.0360446343795305,0.8959949234652967
-0.0693887795239186,0.24195563565771763,0.35103167114067474,0.0525567252105477,-0.4222871421189225,0.24015284576385704,0.3346223440476257,0.4330861453151496,0.3878631476949107,0.13480246030189091
0.5837721631712987,0.21269765891085798,0.548342071111537,0.15669032584004167,-0.0017109273965109685,0.20922489966746158,0.5282256911304851,0.2885012542604467,0.5826483497191272,0.5453658772604708
-0.3016134877438933,-0.19691930404628008,-0.2203884227041953,-0.01870215670135595,0.26282562021713646,-0.2424387531466553,-0.22612054663503126,0.14391081775726985,-0.09146408045473448,-0.04834712374108899
0.5391588244561165,0.5815700677285356,0.6009480044166499,0.10778262213241105,-1.0522965400688236,0.6147863231355823,0.6818422127699107,0.29822538264487614,0.5416262823194257,0.5311491793586486
-0.2107460022574242,0.049706681788115305,-1.8121679208731123,-0.3305617572838971,-0.17082954663369784,-0.2790228495182416,-1.7881749677871364,-0.6652461820584964,0.12977895842503862,-0.9622640492198602
0.2597322434322954,0.6141227125330283,0.028368311447886273,0.3434101994770178,-0.23579766154939374,0.2869917055263864,0.01796659313947399,0.4332212802255381,0.1359447927763788,0.1912336115815841
-0.3414632677204021,-0.2543224067108752,0.24080368984617873,-0.10947467687526542,0.17206230148123616,0.1274385096182214,0.22642987823875496,-0.06961940945214244,-0.25461983844016783,0.6690731133461513
-0.5269697927304379,-0.8741498789962886,-0.9283944424952264,-0.8951333586591756,-0.3338002622880722,-1.0689338761333078,-0.920881468653472,-0.8765280064281094,-0.5727293136300784,-0.5876500182460681
-0.4331675130825038,-0.40162851922283127,-1.0671539004723811,-0.45756078395662664,-0.5114741098556297,-0.5977182388359024,-1.0570471016549585,-0.1984346337226966,0.233838195743153,-0.7063470577043842
0.41234743178310507,0.34280092777834126,0.41508816058598075,-0.057535173655138855,-0.2236022062857068,0.886562905088585,0.3974319461336919,0.0903200987583817,0.7405975250709759,0.9145555773670487
0.09819521918232546,0.48631155616251254,-0.7076805945547189,0.15268494514004707,-0.27411990106106227,0.11461246823740615,-0.7042829524903301,0.08895387318834687,0.7135147878394131,0.33616227153035
0.41964807738983345,0.8522358034907945,0.41825637993276754,-0.04546215146910903,0.2284385726512154,0.06731720437150526,0.4271887470977399,0.06720711310683927,-0.06713497683728636,-0.8615318647683582
-0.6274960335924372,-0.5758360684217042,-0.339971608988711,-0.7751518414267944,-0.4606630691504304,-0.4304798077642533,-0.34348712289769584,-0.9575767431167546,-0.4039232034846354,-0.36930194869925576
0.6798165884766917,0.1435920485494339,0.1078396104013941,0.5980415498166417,-0.3321603665800202,0.2707367670266005,0.09597689759739896,0.3853141582327998,0.06546975788977644,0.6043107491461058
0.12813577475537719,0.10959450617933945,-0.1328734005372149,-0.06705464992560657,-0.44387424434472317,-0.08831535668851712,-0.14024024999230442,0.5628135368706312,-0.5032209562955686,0.5095558968579008
-0.04451164660731389,0.21127769108011454,-0.5757049175409521,0.21723600849596686,-0.6388126060683024,0.17465921643492976,-0.5748720074606437,0.1066245729898199,0.3575760656045955,-1.0526815963998177
-0.11520405907206949,-0.2054502269547503,0.2361587893195933,-0.4970508011922894,-0.16040312480107446,-0.15461585302028755,0.2218709447762562,-0.08667992860307887,-0.6844422019820617,0.758904902324905
-0.4384445931919985,-0.47551686714531727,0.5492571941731273,-0.22694091690659624,0.10153024788385766,-0.21439803143619598,0.5290889620898708,-0.05604771875963633,-0.4653638668645211,0.3628154552599539
0.04618669076597953,-0.15180211904537178,-0.03718257245542977,0.05637002200548848,-0.14119605035028496,-0.42678788912540044,-0.046284101172016597,-0.43858013190503814,0.26615101373279276,0.8924639726981607
0.013062099900511314,0.018061243672575993,0.3029378349946285,0.12307847909838006,-0.05977224264008333,-0.1904136998593373,0.2874053494717733,-0.3216220183137017,-0.1810836079595955,0.07299378919935359
0.29128942032879535,0.3462910826941218,0.6352164267485164,-0.147228768266128,-0.08322003084921761,0.17935066152047283,0.6134838808320675,0.7994068158630808,0.13461616727013098,0.20840808269967603
0.47118117868198434,0.6073254534523528,0.6972942690933541,0.09099907598089557,0.06357840844577888,-0.12607979564211277,0.6744168881413225,0.19384705294790575,0.062114289189946374,0.09084527415352245
0.1877726987564063,0.26987165362746135,-0.5619830298271498,0.5713628796524016,-0.10281439877500122,-0.3044172185053062,-0.5613494153662563,-0.5463679494681019,0.02648052109037898,0.8653239090900868
0.6256117500909292,1.3029250596444906,0.692982302698572,1.1446052774156619,1.0584353119699466,1.2304648910319824,0.6826531805417215,1.22011271624241,1.0073673043273361,0.4956303228797757
0.8330958858729057,0.9141278756178458,0.7027257169480607,0.7689169467095761,0.929442029704663,0.4169054574145112,0.679733833449001,0.5842834849303178,0.942608597405428,0.07844204103919956
1.0960924304554205,0.7585154917862804,1.2799558577369354,1.1208254302503091,1.1544425853995481,0.7480543727935646,1.3439547854636589,1.469379314272274,0.3936626405503977,0.06741317432387324
-0.7750382989480897,-1.0850823594143413,-0.6311781665625209,-1.023926320799946,-0.020751130563744193,-1.0703391911741824,-0.6292887741641887,-0.7756021322772061,-0.8132424260378311,0.13738206987303078
0.95165775966058,1.2212814902022944,1.1724373284721932,0.5939953449873352,1.2188591888824811,1.36502877143817,1.234902908047103,0.5463060601281149,0.973326139707644,-0.3274665796451948
-0.13288091837928714,0.2307077683747524,-0.38013787207223193,0.04953032575689665,-0.28741346506993004,0.2013692774269684,-0.382883930677382,-0.4516284211767232,0.6924300777923312,-0.49693512135213885
-0.8559381221465766,-1.3106001890506025,0.08194599220238087,-0.4043329876630009,1.149943894871385,-0.23503589808635128,0.07055130764220953,-0.13019611326240704,-0.45157878606468765,-0.42730524129940295
-0.2110051122413525,-0.29888744873151873,0.19648336008753386,0.11779393242205574,0.08402760788744033,-0.007540824189773973,0.1829307827999626,-0.10068640783367294,0.05068735648037997,0.6117890098205667
0.5707901559534341,-0.02206065371648933,0.5647242463618384,0.5903314695639594,0.39852737571002345,0.17192152513397335,0.5443290871141011,0.3037795946588243,0.42376675009238735,0.9029503496820094
-0.1235746722077973,0.46778905328170095,0.04676930844049321,0.10342039529270437,-0.10877882854289417,0.06315722535741018,0.036029163627337574,0.22436384978357504,1.0953156742704049,-0.43922170896719553
0.3533546444407694,-0.23623976588178622,0.2620123935449391,0.5585376113663372,0.2236037896288138,-0.21408272321461172,0.2472442235573999,0.23918780705819748,-0.23594461966665603,0.2082200030132214
0.1796121128189947,0.5984118538339253,0.3543008053381673,0.5007222246580839,0.02266444837579777,0.6900113439101738,0.3378063231867744,0.5391621874071887,-0.036911448436622536,-0.8561652216322811
-0.03002369788885982,-0.5301389603212188,-0.4339379948540528,-0.3743929251146015,-0.6321971910055899,-0.5702943441312035,-0.4356944455074392,-0.3233578509080374,-0.364594595328836,-0.1958902043680296
-0.9254191196338231,-0.30172878222553906,0.28480176274887253,-0.6108269637597289,0.43077534692760977,-0.3733973107123681,0.2696474959924511,-0.7317373563772613,-0.7930071297033744,-0.030819295163053477
0.5576557623042441,0.5891436591150975,0.7349716249212622,0.1839140900145037,0.8230492092191506,0.2723226836259121,0.7113883707586446,1.180216672887174,0.0017218167311918845,0.2993458027512933
-0.5389022415455776,-0.5422280967977912,-1.173710045595636,-0.634446764467155,-0.8712064610185244,-0.4086889484426793,-1.1616757917397273,-1.081517831258962,-0.9308966291804324,-0.8746802675052576
0.4556877708809104,0.02018041947433048,-0.9258916198789057,-0.06987297277868099,-0.7006929937417289,-0.24390622457985095,-0.9184185853883906,-0.6102953834126202,-0.1651661501447184,-0.5571710027994116
0.015229021586211871,0.12414398865941169,0.5365591763372831,-0.030550724817707132,0.578373291876669,-0.16441411633535644,0.5165934803401003,0.050131101341062974,-0.08642029374179289,0.6384461736893995
-0.6631004680063322,0.21005114740673528,-1.0432263930951904,-0.34635938536860134,-0.30017383838951067,0.2949401665148466,-1.0336309275677495,-0.564240711456327,0.7232896606230746,-0.33819033727944486
0.3183277314859607,-0.43070453260459174,0.13775729641927992,-0.01896314306071156,0.02614609295630826,-0.3000094127886496,0.12532076419256175,-0.1764073961326665,-0.2657263802699939,0.6712374006771566
0.8309164818021734,0.7598525312355884,0.049640921410416844,1.2787104259818887,0.28234572078441766,0.9622505115280573,0.03888595625347269,0.8450457945877916,1.2535632735281534,0.04727464563218221
0.29067596739478946,0.285492333211029,0.1878547798815154,0.4876909680313911,-0.38682579234720665,0.3348020199642515,0.17450252312540482,0.3520192639444007,0.25878819752798127,-0.023496857627643336
0.19722134351043522,0.04870899820665285,0.06544075557584067,0.052157855819730904,-0.21034329111771585,0.18805067516982518,0.054368682154445444,-0.015103886132674915,0.46404670663860853,-0.05359500714293605
-0.1127437001794991,-0.25549858450780155,-1.2240138527589637,-0.09007021188068016,-0.6846566110642787,0.04939478434542612,-1.2109758416668304,-0.6692812411335999,0.16990596635334596,-0.9048057085863817
0.7325107707219334,0.37252660149125527,1.0103291752388002,0.430097278696025,0.35933189557866835,0.91939623354869,0.9898216398420832,0.6850112595084527,0.7756211477326622,-0.2054888784236537
-1.016976180067933,-0.5914801563571402,-1.3161333218479594,-0.3595137660079127,-0.7823021074728416,-0.6790668714535655,-1.3014159709790658,-0.6485197385150968,-1.1609831440138185,0.0027308750952327442
-0.012385882403924523,-0.06634823504995452,0.09116821808592152,0.8396143461629282,-0.09763291753285691,0.29355064300603273,0.07955720128541366,0.11653563297321837,0.47823946748625845,0.0907050390780403
-0.16633039970723693,0.012841973639659355,0.32318841954269023,0.08896277304099248,0.42306676360403134,0.4241358175691265,0.3072539325143847,0.21947360501093213,0.2364112780867269,-0.3367485322900529
0.7539768050330888,0.5403595501409205,0.09235839282218809,0.5489175300392993,-0.20652648149768968,0.9689224188981675,0.09291429623419542,0.6897519103612263,0.9777023945900821,0.6371525758828165
0.580843319924737,0.004863241713697623,0.02060282268849613,0.28560956868278264,0.33285533295829056,0.5355836538214997,0.010328343850636374,0.0333138579389898,0.5174455256739983,0.48613394923954534
0.6880511866438801,0.637539087883258,-0.12828892682461607,0.7352475567930057,0.043761679244336306,0.6249037159608276,-0.13569189114979446,-0.12134663419548448,0.45956182718706984,-0.2582587904564943
0.16347597633506844,-0.16065488848862333,0.11112592379513096,0.06601299427408773,0.014075964206658059,-0.07559445742100972,0.09922055940034842,0.17459833971374564,-0.3814753639489948,0.7259056779796977
-0.06099241454311215,-0.060701441169261634,0.5698507514036998,-0.21884041088662778,0.8427327866521279,-0.2480798340929283,0.5493621092101075,-0.00010349409006299849,-0.11322218574070708,0.5871931126889162
0.5579431578883335,0.15876712063938458,0.2450245684313731,0.19019243770066974,-0.5002089888480673,0.1118169744176203,0.23054473784052837,-0.37681813940634634,0.155025549942359,0.7449909094390098
0.6837207172486304,0.546439825125432,0.790773119463796,0.7228716103489101,-0.319577107700989,0.18037277736701154,0.7661102010607677,0.781874483550394,0.33229551399416635,0.8882135595886874
-1.2741489001550275,-1.1134655190093923,-0.4333841357875083,-0.9311914510978694,-0.4510225374924108,-1.3291161196324983,-0.43512218483334825,-0.7649402775257563,-0.5042666000713423,-0.10980707994750018
-0.34841650501794924,-0.22933169315848154,0.2640826759061519,0.0992969255257868,-0.5486479366010564,-0.21764350054251516,0.24932189178349587,-0.23990573273485233,-0.4124358344664101,-0.24501759181874677
1.390034795818849,1.1374112267383352,0.7250029206879873,0.9939606197031846,0.3952848261316816,1.1400216205765332,0.7178433094011878,1.4369750813624176,1.2481201541246458,-0.32715017676523156
0.16410162105067022,-0.33838074375583427,0.3122355427302433,0.2223993993641313,0.5390238728622422,0.32100399110707134,0.29651100220531956,-0.34096648220264747,0.1820169657205969,-0.13465006514447078
-0.36007628466773395,-0.22329351265009217,0.30170280642858593,-0.47525981688377017,-0.4776999144709958,-0.1499358798106988,0.28620895227525905,-0.3454136419491129,-0.03956505125773205,0.36321032814992704
0.703548415328471,0.9590847937516297,1.056332278006226,0.5426691679409134,-0.25248999741833056,0.7632855568904019,1.0267713714134563,0.12316945007438493,0.5515062646494799,-0.02831648884284835
0.3662994043300194,0.4740511845875352,0.10842919148016139,0.704322826865092,-0.13472412341593903,0.3450203853393536,0.096535787013725,0.07272966527603555,0.19040435500676756,0.8748894665962778
-0.08966401491052113,-0.3408507917008334,-0.09976301385206933,-0.0972107137021113,0.3889000798513638,-0.292935099886974,-0.10778667017126857,0.4158144569193685,-0.37732561753272836,-0.5892171109453995
0.3276369194443038,0.5243053927886904,0.39506985063657857,0.3963080334522621,0.7459720212781275,0.025918900050042538,0.37775497517141027,0.27365860590396396,0.5498585753882956,-0.8679036665056722
-0.4238047110957514,-0.38383529326066923,-1.2451217825239747,-0.3661466901586352,-0.1515709565183996,-0.32194158680861573,-1.2317581039059502,-0.6494606083996676,-0.4701791167930759,-1.1368950464168153
0.27652744149087044,0.670088735054531,0.24137978756522885,0.32824458232646586,-0.43446816903092444,1.1061894383569302,0.22705458566121206,0.9366084916675288,0.5332860027857018,-0.6451314376208344
-0.17729486453901494,-0.24181884235419654,-0.5459678706432856,-0.16405983060379403,-0.29107416265609515,0.4809007721883071,-0.5455938047046441,-0.6139734993538308,0.24931229891829812,-1.274643145156617
1.157376085175725,1.0478850232447874,0.6350017698778363,1.328101822834589,-0.14989786823434037,1.0902234436455331,0.6132927634418619,1.2208432175617088,0.7511176262107974,0.7258237673845752
-0.7266334973723464,-0.45148157407931744,-0.5034564288093211,-0.10392015171788943,-0.13053769867053308,-0.22156551872876612,-0.503932457505005,-0.5239048786686826,0.06779427686505157,-0.05537362094731457
-0.03188705775279202,-0.0871331019364008,0.6381385379202875,-0.46269513850266364,-0.42591736756635523,-0.6539701572701733,0.6163888693326025,-0.07344264437530285,-0.7931894740306031,0.06690243462128477
0.884954537190565,0.7215668011236699,0.9023648075651352,0.6378111230741701,1.1951887329132376,0.21009490272389425,0.8880359603670592,0.9383641262333401,0.31461641845077515,-0.11024507674756633
0.7178631919466213,0.7711967056789533,0.50534327127791,0.42646207046788337,-0.008062126136101785,0.7273599901277359,0.5706764405047228,0.45231840633034137,0.3159357001850307,-0.4775705521837174
-0.39701017452001036,-0.7265237013871844,-0.30679259136650333,-0.5028349726175437,-0.5528989521092394,-0.8406528427396277,-0.3108963235721926,-0.32109779170854,-0.6452178959376785,0.20668955201092998
-0.47588667724810707,-0.5161826776500491,0.4440180490800096,-0.6722403662807418,0.6493409611422684,-0.2897026203677038,0.42585293690872666,-0.31386974843231147,-0.7134517959034942,0.4449869604660679
-0.719320463828069,-0.4389756854374099,0.48156060631785214,-0.5581148893350828,0.20999928238293245,-0.4179546138998526,0.4626645321502869,0.2453268480094202,-0.25504720479297116,0.12493283042916556
0.34988265551845205,0.3979940697150961,0.2424169367593501,0.7852108022658645,0.8002293434935327,0.6350943741624768,0.22797731073683133,0.6670647763402796,0.5216368994992225,-0.43078707645235514
0.21630743825416873,0.5044965571769651,0.13142164286544242,0.7111724303392446,-0.37874491718260617,0.18154508450658557,0.11908436546534369,0.34158387495221854,0.15864354275300596,0.07040948006391141
0.23153946373643478,0.06148215842636149,0.34362716454997194,-0.29475612359623377,-0.24507851579585113,-0.001460670268160448,0.3273389460862686,-0.3203926152263802,-0.05614307285660953,0.470471833522548
-0.001583598987283393,0.5883287470756872,0.4207152732161588,0.7638240760207824,0.11486996028520804,0.30704965968507114,0.40298455763384355,0.25161195546681436,-0.046563375775302146,0.22889939020182237
0.6476873520634547,0.7396004399641771,0.9205719829624309,1.1765318143736785,0.3359119000068099,1.0723750428233756,0.8935807748558607,0.6459813655279795,0.7659082475540928,0.4923415376881175
0.8056092654433937,0.7222595947176302,0.9432914649238958,0.7223693050023824,-0.28411110441899384,0.4818281260142449,0.9618089892459524,0.7355388122235211,0.532553902936503,0.43727033400972803
-0.5383998645315725,-0.3116992136112882,-1.216741280862727,-0.654222750791554,-0.6747526482553228,-0.7707894864907441,-1.2038468648602636,-1.1096801180560405,-0.557320474115643,-0.2982067392053474
-0.982335630700122,-0.5762783219905687,-0.8993331981317103,-0.6433321866280868,-0.8856192029502958,-0.5922320984947064,-0.8923751939962551,-0.9129633619778693,-0.3136783715396888,-0.46465841511514777
0.2640380120821908,-0.0934213897201595,0.3501603164656818,-0.04895143961665292,0.19631636094570584,-0.11102065453843402,0.33368315070769516,0.17672263249125064,0.17668866792844998,0.5311474934676698
0.9533746776075898,0.46185536417701717,0.3111428068877658,1.0575873234773743,0.35680437277803706,1.078033548410879,0.29544665056726577,0.4382971814944405,1.2696431464041085,0.7709677487301984
-0.6761561646021172,-0.48272648910132093,-1.5016543451570965,-0.5496140374088294,-0.5159366206300807,-0.03985096017998023,-1.4833773285018692,-0.832758086297826,-0.0029315110089022578,-0.7926022320884996
0.35303235174233455,0.2785758830699679,-1.2836103040066087,-0.12455977911266697,-0.2870081798045548,0.2079863739268954,-1.2694641648257945,-0.7811817942831426,0.6639619489689864,-0.6536041818333156
0.20558035161625346,0.13140731223432076,0.5084345875635116,0.14594970491115006,0.17842705448358145,0.42398521565207464,0.4890617218606775,0.2375641771909036,-0.15143633443513282,0.7188893055834399
0.327502207480744,-0.43244294379475806,0.16551410072498993,0.018845419851164565,-0.30297025594928495,0.2200058018174459,0.1525342191592751,-0.10344185465464674,-0.347146621656455,0.9773656702600287
0.06922900896798763,0.3506327095016206,-0.12600616285308064,0.6005355715421761,0.4551400256456053,0.3834424531042634,-0.1334956784627563,0.46400002136982443,0.08385522391809953,-1.1838243647787068
-0.1178786160779522,-0.5017350854569798,0.42564226882960005,0.06244009340680013,0.2527818571047307,0.08674987298545844,0.4802297396652783,0.1595277979496054,-0.4263660339743899,0.8890030167859436
-0.2567930770736964,-0.2180633536350014,-1.3454449459203606,-0.1444985745089709,-0.9998456940273199,-0.4415264441612848,-1.3301692861250387,-0.6166842253247651,0.38075114391623355,-1.3709967400050158
0.8803402978664403,0.8279527710093658,0.034797525368182584,0.7907739538019718,-0.23208022801831815,1.5378462395453414,0.02431143436044266,0.17039218349413252,0.43189570511415964,-0.2751859631994192
-0.9320266025355318,-0.6194200286839624,-1.0449509586881058,-0.5928520984991685,-0.3362447909044432,-0.6860903704512538,-1.0353078378207432,-0.6829460642905625,0.0759695227497212,-0.5087729877167221
-0.37547277906692655,-0.4813102551731234,0.038152912617622686,-0.19817963464323904,0.9888444701543998,-0.055295303478541585,0.027552102002601817,0.14927151225016266,-0.1810624060257079,0.2823021294923727
-0.8043063545171275,-0.7977938464606414,-0.27413601152539246,-0.6060323133931484,-0.12035755061615692,-0.3963430326700366,-0.27889743060946426,-0.5347177216899694,-0.987886230753763,0.01941427795899094
0.17034261694581598,0.012801718300169025,0.36712333017193155,-0.619696124490863,0.10196356528910826,-0.19642226485165842,0.35039009664150583,0.555104207457279,-0.2901295852111709,0.6518283170155105
-0.09878954244095334,-0.3340846219412843,0.32772183474172883,-0.10265553890452943,-0.20579452605658982,-0.4387230330778864,0.3117319032386447,0.1394249751269163,-0.5813091616066094,0.4872589755783719
0.1904638551762651,-0.042875555465472545,0.22619116910165896,0.3189883049519379,-0.28197138142499717,0.6295551142923826,0.21207081016261548,-0.03585468338379561,-0.33718321894245984,-0.194022590727164
-0.5503610269342278,-0.25013318505814247,-0.9649522264726091,-0.41817829102106086,-0.3443983778712598,-0.942964819321604,-0.9567425522109737,-0.8552419190393477,-0.5397180609284294,-0.7247551810367856
-0.9232665975132819,-1.0163958255989185,-1.1706130442924905,-1.2757186336280852,-0.04327491215626837,-0.5953749484945225,-1.1585795382237523,-1.4104667686580992,-0.302075930354535,-0.31888958493012887
-0.08315280156746128,-0.424107741501537,-0.08190084970191588,0.23252374994083977,-0.2632057815956822,0.19747488712931566,-0.09024502508569514,-0.46044182921157145,-0.20198545635346096,0.2794070937484526
-0.11507133158389021,-0.3955308253608215,-0.5404677783315169,-0.3058121547681502,-0.49989685026721725,0.15967123001352324,-0.5402405295074139,-0.4218067527248152,0.4088345923666423,-0.6129638132319628
-0.3740119454776804,-0.1833202807269289,0.28269044477562566,-0.5116099722215377,-0.4912260678407714,-0.16923978003007334,0.26754088810104565,0.0173721048230599,-0.2002216917053516,-0.3880231194235115
-0.6622395385410723,-1.0855272411064218,-0.3450659655333797,-0.9233996500565891,-0.007977303398913817,-0.9972143715367972,-0.3484637622472004,-0.5186764599815895,-0.7471509258581025,-0.3752900239419962
0.06483387923844061,0.0859299277525629,-1.1911993913852557,-0.10439602018466386,-0.5120834594167641,0.5212181352281748,-1.1788217751082597,-0.16367095162800877,0.3168956420776004,-1.1037336680643015
0.5920553942209705,0.3905653304042863,0.8299460189134806,-0.08284697198091452,0.20469890805701052,0.5084702933811425,0.8045809145353291,0.18456208464061452,0.20472070925883443,0.7344643965380226
-0.41417149865444614,-0.5605435635707909,0.07510910256312363,-0.5738996231587197,0.056487297960706194,-0.5343639503097443,0.06385081599673652,-0.36116820381582526,-0.26400063794153855,0.17268626210744928
0.5181290696046865,0.5333140508009133,0.14248478613318277,-0.10836101136793716,0.6058830619265583,-0.049127368214591745,0.13002111116863044,0.2469198091757215,0.32119542307054666,0.020845424285581116
-0.4957756934338652,-0.1993357909411701,0.41214789122358714,0.11180274135224874,0.33371800401823315,-0.4006248654719577,0.3945855728923571,-0.13515582283394448,0.3215357974557441,-0.5908606955862019
-0.684540679282152,-0.8925242523201031,0.5217184834574273,-0.4099115661983426,-1.3088659500014814,-0.486033968360308,0.5020697863487756,-0.3706360057168787,-1.0046793792977735,0.1564714706784809
-0.07873732706885535,-0.9530368031542891,0.147055512401827,-0.230615328589854,-0.17043019275502178,-0.21067450753452588,0.13438044148317857,0.1375511262784499,0.12783591270607333,0.7138838687677449
0.6695657504313514,1.4441202428242703,-0.017854537610757285,0.4936752521543579,0.17071942045044797,0.7846960799765758,-0.027393423086879292,0.476725327955032,0.4759695612283271,-0.38404923435525534
-0.16676624227079825,-0.27244685509876626,0.258226236365951,-0.2660029241870552,-0.7507761969301643,-0.37947695849011603,0.24359526733308748,-0.12286978236136593,-0.7262111466449489,0.33885609156333457
0.17897536311883167,0.21768209913138026,-0.1303516500478138,0.14521441608328756,0.2844508308336539,0.2654354825399265,-0.1377550241884198,0.15913437473343373,-0.1987323764049136,0.22192314063548324
0.5417614153079557,-0.30308964458510745,0.1423994940658328,0.4963942142411461,-0.3450429458320679,0.22636470660935762,0.12990512766060583,0.1849449572493079,0.2500737663472548,0.0022985608653477542
-0.6817186447979203,-0.7937951770447835,-0.44571515260023015,-0.44713302884462036,-0.6468084647874263,-0.10516348561541541,-0.4472306533566881,-0.9983571413953909,-0.7408371338518889,0.12439005911707486
0.31030161519888205,-0.05824741815236323,-0.2137396556486928,0.05220556729317658,-0.014790760964263579,0.07068502303835131,-0.21962748335541507,-0.03367486329126274,-0.3221976829549492,-0.38285914692550865
0.16256449591693495,-0.26545692103916385,-0.4466317564593896,0.16318525839376846,-0.2726616140804448,-0.28993524937098114,-0.4481716405875178,-0.16289722972816745,-0.4376086639251692,-0.16334931561576965
-0.6289939345081239,0.08385000986723294,-0.6781598531492121,-0.42377122592230637,-0.24411890145543347,0.39946928697809964,-0.6753037904667076,-0.19193210883111736,0.33144431357562554,-0.8689272791065705
-0.6463684117286378,-0.4748000315758504,0.08080877591483004,-0.4963292249222541,0.25419310144601287,-0.20727586153806382,0.06944753435714969,-0.2586792961817455,-0.08060005486819376,-0.20123768837971884
0.010129161655436278,0.23293397664255416,-0.41607653881894413,0.25799912555737065,0.4661250803995359,-0.34087015943812926,-0.41815226535365907,-0.4497820653285023,-0.06052606565363671,-0.017136996238751135
-0.23875065671634382,-0.38445551069067085,-0.6631671444820794,0.06641537953010014,-0.3914694608546366,-0.21627174678199954,-0.6606296931783013,-0.044676461437590784,0.03376155462432066,-0.21773553052867842
-0.479187342380297,-0.2172852701521431,-0.12112394116796053,0.07127127377867074,-0.5913904211379258,-0.7430596954317986,-0.12870438243209187,-0.1503668131727191,-0.6217880768815003,-0.6488738000010331
-0.19304588121330934,-0.5414731972415369,-0.08502364834045611,-0.788757473164413,-0.2075900560669732,-0.5277546988990139,-0.09332357344449185,-0.31546838582444314,-0.15444454214533013,0.21913298857075272
0.3454848044285776,0.2141682875897716,0.6311693184903551,-0.43252461602652875,0.49057772441018743,-0.5682795967548561,0.609563813431541,0.15027572951604412,-0.4720990014023343,1.0121755830865058
0.05654980642076758,1.2494459005209932,-0.008375915981185167,0.5592537490481119,0.40806687726432633,0.7474279115075851,-0.018067231460674994,0.9085453571167263,0.4115837247792968,-0.6120493252147298
-0.6644972927714737,-0.1358979394317505,-0.04015518256653151,-0.1458526341543159,0.016486809507092574,-0.26753847346109777,-0.049326045139214854,-0.2124935107902752,-0.1615005150068554,0.4445979511886478
-0.6294213975333023,-0.5159169841518955,0.6871480975294475,-0.1814179179023775,0.8223578455480416,-0.38392389300193064,0.7376621125039069,0.07355276783467701,-1.2540810994977922,0.8836626655790575
-0.5526207893708033,-0.6321816968099259,-0.21481277205445573,-0.22048920503735228,-0.40624116661999576,-0.6539380176386765,-0.22065781432424117,-0.8424410433577664,-0.13173172706030536,-0.052414100258323444
-0.531212645186275,0.057079612307930225,0.3649126085144447,-0.942730906423854,-0.24086361359313763,-0.5277054804799597,0.34822836191207485,-0.4447106562340619,-0.8478483945445818,0.3774123532977905
0.24098440044480995,0.3817366929445471,0.9867458040088931,-0.05001909765403811,-0.09713171818973398,-0.45709969137021955,0.9712607195552344,0.8351466325935183,-0.294788968114627,0.47053406645540224
0.048516357284923234,-0.5133183976227392,0.3031828833585109,-0.38819348154029637,0.13268735459273043,-0.4796189959794721,0.2877004180400156,-0.2067635958584759,0.07996813057471477,0.9196302896090937
0.15402172743480647,0.36167939454071896,-0.14784901371465967,0.19938111446216794,-0.07950994494656115,0.6952207030084512,-0.1550206136156639,0.522010290195405,0.7217183992258328,-0.46396585940520585
0.7613375787688361,0.992278637584697,0.38549156869858486,0.8545011591929282,-0.5639151341624015,0.7232200741215571,0.36844437415919956,0.923038127021707,3.3028447793608033e-06,0.9929724314639419
-0.35533673500032054,0.19050498205332805,-0.26910114668746116,-0.5707059787451111,-0.49597098092910796,-0.5042565392920275,-0.2738785123494721,-0.45503889388129787,0.13357358896926758,0.4234485561270387
-0.719586860975092,-0.49644147353227164,-0.34513009338106404,-0.8246955306836387,-0.28266146430605077,-0.43882154910672655,-0.3485649010917255,-0.6018426411694701,-0.6137279918329428,0.08334219575919903
-0.2176601646333575,0.007600592792338843,0.2676557500772449,-0.6510892424266471,0.0626468550724981,-0.5558050880364893,0.25275954331670064,0.4521040555181879,-0.33609786066772906,0.29295579269901934
0.39076042228716745,1.0671784490732392,0.8572322615983434,0.9655932107965218,0.39237738930525734,0.7959842180826613,0.8313580626670724,0.27500167700111516,0.7113840885689581,-0.4466391211695396
-0.450063216491593,-0.43759236658225936,0.40760390672356556,0.06507400310132791,1.1947493374649658,-0.1597492365412369,0.390125001505191,0.2808067691317131,-0.555092986953726,-0.8069849301709034
-0.7330244231864711,-0.9081429322315678,-1.3643303569997716,-0.8439912742692334,-0.5481709269929769,-0.39440110374718507,-1.3486669664712843,-1.0291051325988907,-0.0524777272012182,-1.2536238399100612
0.15995838800555665,-0.054906193314349094,0.28991165227440263,0.06828957604737212,0.18331244563877788,0.0384673427864763,0.27469647443523226,-0.14463708589532306,-0.11166776122779262,0.3582959968787213
-0.5112583775592068,-0.1548023738509556,0.42203161156595537,-0.10085164771145654,0.33430678382859597,-0.05215114606468748,0.40431598179718137,-0.2223882723631288,-0.4727489716087005,0.08645002087477768
-0.6839446856166929,-0.24891473904596065,-0.9454334499107544,-0.6343983016979915,0.40180832999650506,-0.25086672179097247,-0.9376108204044818,-0.26139076708443376,0.1979343400410911,-0.7691027987112207
0.20856494452276597,0.16036097266199217,0.7491203673395909,0.9875110423981769,1.0267613439894478,0.49330964990432663,0.7252977368288543,0.3151970288710001,0.18327972517671973,0.34771096745361024
0.01869693790804249,-0.6688906163723216,0.16565606284795784,-0.08735789104331952,-0.3671995233822497,0.03750725429995824,0.1527033225954091,-0.1871164516977577,-0.3760537997612448,-0.17247857145425424
0.23007040801561704,0.5287065251076979,-1.292453919959377,0.26981176135290424,-0.8912941224131848,0.2826063325944317,-1.2782511208167957,0.0333710306499904,0.4474966250009077,-0.1374581125100116
0.490112240825832,-0.02692771790897637,0.6009891452999894,0.21340699368029067,-0.10752075786909542,0.4789517541853933,0.5799040779418773,0.26640379118739815,-0.049731218108716474,0.9333691471186091
0.5632630238764247,-0.05985816504004322,-0.6251138651729949,0.20561054747465377,-0.8079333485819788,0.775270446024837,-0.623378302974719,0.046684207233355285,0.44194353099409905,0.05086330178900998
-0.28369922230350103,0.07804068116497606,0.2225696528970703,-0.08886432402807179,0.27519112243612365,0.2688825484580713,0.2522687682063888,0.013588839958185425,-0.2942305539312859,0.13781413862393144
-0.3962919367672179,-0.6947709292190399,-1.1293581692976498,-0.4012252074589882,-0.329098909070404,-0.6455482375386474,-1.118072205231174,-1.0786051808391688,-0.32086746912965586,-0.6162398905475552
-0.22571204922339794,0.2702661807758925,-0.1695435760381941,0.0554293768180516,-0.3637363511957857,-0.33122937298589356,-0.17622262699237032,-0.41300736421821904,-0.1247218833712228,-0.37302002608039675
0.6526021478777039,0.5033458925932597,0.31402676266814294,0.2245444861061788,0.1435568791647475,0.3657670660927027,0.29827931646445766,0.5522177249780783,0.15480508896694134,0.39181513647157
-0.1581615977038579,-0.36831142279834816,-1.4823304740332213,-0.6281411941176396,-0.6758797732197805,-0.28721434780007404,-1.4644709389285684,-0.9790096625939688,0.3265943369757268,-1.5758380326210555
0.08305692323712181,0.5621359122796683,0.4581138980025813,0.07142748957320584,-0.6170286534111606,0.27433563868294664,0.43969633491257865,0.24244824330941314,0.06553907709534694,0.4020023982595408
0.3798685954696611,0.6573681229652771,0.31205089822840915,-0.43298494990309727,-0.03681436615053513,0.4800023355899374,0.29635193081191885,0.022414484439186325,0.6977944806354861,-0.4500217508908037
0.16540730414036756,0.22988190351888388,0.44017315582596717,0.5133216997389339,0.6221946185084826,0.08104811871961307,0.4221004288658679,-0.16264049213768497,0.23426086908389088,0.3911837990112118
-0.4628792178406691,-0.13251954672470553,-0.38689186812049786,0.017002971726447262,-0.25915260485775676,0.13917655473991458,-0.38953968257622623,-0.10192395077770813,-0.3374786764994694,-0.24318385402882495
0.6703293424484922,0.944203111221362,1.003896112792291,0.8334440217587957,0.420910497995142,0.2989186261575237,1.0302703769116603,0.9160065662524969,0.24588109101046252,-0.31891003378567073
0.37760841679836454,-0.14524560058690347,0.7014470072617777,0.16487381599717987,0.376489917896918,0.7031450469526885,0.6784466546202715,0.14824603924775434,0.10230937888402059,0.8698197585685624
-0.27786356218423675,-0.2808339380962166,-1.39111115361045,-0.5386424815659717,-0.6610701984514481,0.04990613058454244,-1.3749688040050723,-0.915889552623218,0.42025634430012704,-1.0069249750029479
0.2034963605060128,0.12634400418832303,-0.138275762835805,0.07535331891665037,-0.6164278774473628,-0.02485787673512598,-0.14556334348285155,0.26256591272232993,0.16164521564109785,-0.7385361452724608
0.008142364762267552,0.08547710551285125,0.155494568996235,-0.18758192290862924,-0.012142516502368104,-0.17302188407346444,0.14275892874829435,0.337055456075884,-0.08861428830738224,-0.7674289799256475
0.26651663819394594,-0.5367705104449798,0.22716855323399826,0.25997442574013235,1.1465579816298153,0.23407806660894848,0.21304927558428724,0.25931728833030243,0.3537326569577656,0.6213025020237375
0.34149709222851904,0.21049933670952295,0.8374971990824787,0.4057496012826223,0.7500190185008959,-0.1892181489227149,0.8119377097934154,0.4125051914819178,-0.2496464249590924,0.2765617591113731
0.4114769803248473,0.00017455231464212344,0.2835975667768556,0.1761680144196065,-0.6983349122494145,0.26281571284338884,0.33341832244002384,0.4879838428797603,0.5138592139313942,0.38758752210868624
-0.30686292323149983,-0.7201029764111999,0.22196803841056595,-0.3855959033245299,-0.0035508958983031264,-0.5448961436436017,0.20798381309672107,-0.024558813527168086,-0.9233504849211518,0.5186294482363895
0.5985180913276719,0.6373008806951658,0.7596737206829981,0.6081107891203363,-0.09663440062831762,1.0250523149769244,0.7355852559481728,0.4308429021789829,0.34655532366028413,-0.5480795577268603
0.020842874813669667,1.0062648536922363,0.5145526886454576,0.7259192541367984,0.2766649516647425,0.31652708782426936,0.4990947665110606,0.7118357758219273,0.32512923401000005,0.5398851212006133
-0.020455599916482825,-0.35454462553457256,-0.08809349291168932,-0.29515040271523474,-0.0965390604992519,-0.25999763352630684,-0.09635519797492073,-0.7575614864948116,-0.018010157111194452,0.06813805318086569
0.138072103348672,-0.0621078537190071,-0.011395992491752433,-0.16681654854829162,-0.4803133555164316,-0.01882457521102232,-0.021034796866397594,-0.02607302936518713,-0.05525629082268093,0.5806090152438238
0.2669865326061661,-0.2803222429710777,-0.041723967072181505,0.5286355354459633,0.0824952733492109,0.399003694907086,-0.05082005315315035,-0.33836924868764595,0.46268393027098376,0.34970057351087525
-0.10682133749784516,0.028862121788750913,0.09396978123303942,0.4044341610414371,-0.8302868085467073,0.5604733587529408,0.08232123155435682,-0.08451241115069688,0.5956541036777623,-0.3509562335691191
-0.17292338132222165,-0.1574817485223139,0.20326785110888956,-0.14962302014659193,-0.3248012622002395,0.05210132599823256,0.18961026301175923,0.2841641968305374,0.026833910384296153,0.7162130034945127
-0.21760236951381795,-0.6905838542528938,-0.12810262400435268,0.22523700098838167,0.3644243899325153,-0.3571682709548194,-0.13557365784197262,-0.33232830243437567,-0.08985559448923748,0.40877155299183193
-0.2548264693368462,-0.3791663323431387,0.5779201931371697,-0.18231001659269877,-0.2773716763582099,-0.42243370639333117,0.5572979737994553,0.41586754809305315,0.034879247365401926,0.17780781389908368
-0.014926992027998257,0.026827737287241978,1.015148616197031,0.22033497949437433,0.4533987298085011,-0.14158613515465318,0.9862936614886493,0.1219660832274595,0.09653749258847395,0.5969633322286265
0.4305272468615556,0.03129631568869955,-0.17527836514006356,0.41343555201200305,-0.5545880106161061,0.21358715429450373,-0.18184823384673832,0.053783072985445976,0.2421843975774786,1.131862118218411
0.4620314060833736,0.06470663042834825,0.0682966800656369,0.3382510125567795,0.14430825574172523,0.6170459288065719,0.05708851497464779,0.2535139663856091,0.13860947609955293,1.0897860925868705
-0.4761479373883981,-0.519924185610819,-0.7371446429170767,-0.9100737152931511,-0.22477227927686233,-0.8714901018004498,-0.7332394907273727,-0.8800827205304635,-0.7416567525843096,-0.6644710965127345
1.038563678959414,0.7069891852082382,1.1067172510702987,0.2226319652560292,0.2425967639516157,0.6206141438026573,1.1339327748482624,0.34709286375931697,-0.10205279628606681,0.5678173979727473
-0.7524310010728287,0.059547274902966,0.30526018160809565,-0.17357673918798805,-0.616408439870401,-0.16596052533317165,0.28969900445714797,-0.30112537618151247,-0.6140079588425036,-0.09611579108467203
0.0630989117794684,0.3745495821503135,-0.0034104568385562362,0.6029413029562627,-0.2590636555448955,0.6466264776259708,-0.013263214612608699,0.13198286494003247,1.0277536915246646,-0.5685265449636145
-0.07583118554670083,0.47006592503390104,-0.6815345786124637,0.4911799613806029,-0.045901622593442194,0.04934242891241774,-0.6787006886344605,-0.15394831597139078,0.6185757651903492,-0.6509805549935805
-0.35546275351024426,-0.8355676767380897,-0.2955177884510101,-0.34290562243534906,-0.19910399261008402,-0.030077893547077263,-0.2998859973340095,-0.41179223458763164,-0.22225119855907338,-0.4680454937082196
-1.2181277848575593,-1.084082515819206,-1.2031192530694936,-1.290853827275113,-0.6425617192376228,-0.5237596259157797,-1.1905299164470333,-0.8724072414162213,-1.0985933257713325,-0.39183713606093146
-0.2120855294709794,-0.48272995935136676,-0.5504846133491315,-0.3209922378073441,-0.5671008036288406,-0.5111927896970694,-0.5500426495704172,-0.7933024674033746,-0.5465861661483128,-0.04787740739743104
0.011516725675672728,-0.7288632093379305,0.4053895633181363,-0.003664090984546516,0.07654880238731354,-0.19189338388970278,0.38792922610956093,-0.6424229913788008,-0.8562532965146189,0.6037190386483645
0.30378425532203573,0.5918746520654301,0.39802165235132664,0.6302325648374099,0.6534217866494643,0.9372156826355382,0.4843168638791652,0.6019700635765122,0.6216380632788419,-0.643199223593661
0.4639678331882681,0.9823066080239362,0.9984033306259156,0.7011614069902112,0.40378644150483656,0.4621231933633074,0.969837516866707,0.9311558288228267,0.3464806974308914,0.8552330291192054
0.7905530848981358,0.37964280461698985,-0.11097825004218922,0.3341435293041642,-0.6814699280694496,0.46682831907995476,-0.11884093784679743,0.4037950889918052,0.36972481112939604,0.32878051242124423
-0.6057433378563325,-0.8122600871275825,-0.8277541119163856,-0.7318946735320133,-0.04686504060486841,-0.4602008171403685,-0.8221761773198794,-0.8800196767608357,-0.4124338991801013,-0.2604894516557779
-0.027917516189526287,-0.2009998736471795,0.4206489760354887,0.1361265060729566,0.2869209630005983,0.059309023887265534,0.4153564206714187,0.13948373881874196,0.09655333459986086,0.6927637309869044
0.1447377203573467,0.27573373808462687,0.6041900937213106,0.7163032795135501,0.5716002336406975,0.6352299252415446,0.5829872797261176,0.3491022131763332,0.499422568205879,0.06305921704192116
-0.08745430081326873,0.057862610254560666,0.16130433777106878,0.12629218430953212,0.4081602975019583,0.2021936933584862,0.16446021210058762,0.713990687129607,-0.3390584474192996,-0.5560716114038852
1.04629336312778,1.0061054930653917,0.3686421192822825,0.4457000818857369,-0.27071184760722206,0.7078717230846938,0.35193875633624516,1.1442719863544357,0.8442035382683006,-0.03356747064248606
-0.6102331136157971,-0.5250371262723801,-0.20548602549310735,-0.5190509691247728,-0.5594858340768356,-0.26690468713659615,-0.16507978668484455,-0.252745430689175,-0.3537938939179919,0.12308169034565962
0.08629977282218661,-0.0041524075678401814,-0.03051770400484774,0.7201430677059235,0.22032071803901604,0.43081669722354393,-0.0398059547415252,0.3288682484539837,-0.2042380695077594,-1.0085351963380351
-1.0782794138486123,-0.9849377305983275,-0.12311892624589622,-1.0877193496873179,-0.713179290709433,-0.5122908335390849,-0.1306871298633095,-1.2645092424485191,-0.6497495723080984,0.06495237355765074
0.5496675388927129,0.6213933408274989,-0.10804838173657341,0.5065533615598701,-0.15881883550046907,0.9195326425762076,-0.11591490268940306,0.5484018487726704,0.9887202271690794,0.2532561579771799
-0.15489058229157565,-0.22278130763902057,0.040824412529101815,-0.1670995427220071,-0.12113092253909784,0.5684185132098278,0.030125130419159582,-0.26200000570996235,0.04493179875803225,0.024606436348960422
-0.3770686528644792,-0.3857568567290772,-0.0016110563185480701,-0.5573589737165798,-0.4286795731350299,-0.6986339403471673,-0.011403271614792716,0.18530866781923072,-0.8850100217746545,0.19494374303054002
-0.1417556268646623,-0.14163774712394114,-1.6584235605672486,-0.35664369862485873,-0.1350821683607989,-0.3418584685156575,-1.6372994742465738,-0.7058639706136502,0.5881525770126689,-0.7545395746397925
-0.42473123714309063,-0.11433032881876438,-0.1217445485138131,0.059070067399291354,0.5452227431870821,0.3964279319407822,-0.12941885466373915,0.07018640405992713,0.7398931812258926,-0.2838682877547012
-0.5543752986689712,-0.2014160749053037,-0.4249039100187571,-0.7376806768373911,-0.010118818704632618,-0.3575945990371139,-0.4268211080159507,-0.15400066987236968,0.0634403145063906,0.11623807828797923
-0.6503252275019248,-1.1773909574509078,0.03517545723122748,-0.501344498070415,-0.376547359430933,-1.008806337402201,0.024678571192078006,-0.6406877996649275,-1.5988850447370833,0.07512305782682956
0.043591337251396196,0.4526691460355255,0.29746454668901334,0.5313390377064039,0.11833372324740404,0.49457308022231894,0.3264683810808342,0.9777804588882943,-0.13439499619801004,-0.5167385731135974
0.07447778519299332,-0.34990200200696486,-0.3483001573025102,-0.3422448558195275,-0.5415800620597061,0.11659304476615985,-0.35168001442814606,-0.610564998927125,-0.29322827346615066,-0.24916001628751966
0.4027066522226091,0.6715966010881178,0.22423761144679433,0.4645536274917647,-0.12577182803177625,-0.026529204258376172,0.2102185719990138,0.4026605903398725,0.2179611418561149,0.47945413626562233
0.23243051381873447,0.37571370668895016,1.2003736677182018,0.6457436856804083,-0.04409063895460388,0.3913298363726744,1.16803202460794,0.4348338195396615,-0.3827286630224544,0.6717305132875148
0.038303266137304295,0.5011816134659162,0.8396998259683799,1.003061702442417,-0.7019049544955731,0.2042898568051585,0.8140980512574607,0.25409188168536967,0.029377832924141343,-0.30507412749894103
0.14164553086803597,-0.2608428525677189,-0.5864933860887412,-0.07804840573950557,-0.04347489483358596,-0.046749525776025494,-0.5853874965161281,-0.29478435308617296,0.28707049613507507,-0.9521676929669931
-0.04365050994430862,-0.015534140024918913,0.3908909886170109,-0.6233869138887522,-0.495754483628872,-0.7055059337680727,0.3737260758659594,0.3170178131220527,-0.2351167868745407,0.38676544595568096
0.15785288664078792,0.5605730520356325,-0.6022573374094276,0.16307140003863396,-0.47669046333480036,0.21646103783810697,-0.6008547406374843,0.01930082751585413,0.19330911827416597,0.10460011746940734
-0.71779647946976,-1.0506687376565558,-0.5104258474809423,-0.3687081721335457,-0.376212927183717,-0.2212514381462079,-0.5107362412248969,-0.7674520084642328,-0.22834746000707098,-0.014581247897856047
-0.12223373099085655,0.2874842333399567,-0.29499120366517073,0.30459988229247015,0.13486670255503005,-0.4594723465279871,-0.2993495658754969,-0.1760916328934805,-0.41947694340551944,-0.06760629952653932
1.110487582930487,0.7368971846460078,0.7803447672020477,0.8753454024128589,-0.6899894796353426,0.23248303701426215,0.7559243206487902,0.7212082960474768,0.44200222644331194,0.8195348410767636
-0.04363412796995266,0.16733430027738538,0.6523151224416807,0.18990600541482086,-0.015790728144421888,0.43393149081556115,0.6302930286838067,0.12238261041961002,-0.39489715245189433,-0.00023718050351646572
-0.6713160605433158,-0.7414394694408855,0.390788004882818,-0.5017036326275784,-0.012986507674359759,-0.937821498864809,0.3735837119163993,-0.5064103148288838,-0.5706180600132512,0.0851547682531918
0.7844083930811558,0.8394653386187538,0.45473811290763155,0.6479308436931662,-0.4106873788910895,0.33688230913008893,0.4363651023765446,0.649205312230977,0.4739110489274159,0.3104482857295962
-0.041560061851378165,0.011627997834355754,0.42745392274246297,0.1789045463175039,0.8450065806336585,-0.11950691126436076,0.4096229671276563,0.4698865239531717,-0.07610694322373664,0.34525394017857636
0.6999826679760232,0.4907056548424928,0.40106933840406755,0.2998088932871368,0.2379158605232965,0.5303337740400889,0.38365672605015194,0.6486681130805452,0.3096839015417241,0.4801211735181353
0.57525660012485,0.26241401879275694,-0.2655466930578735,0.3028919350542533,-0.4351786140534247,0.2449192389962392,-0.27040705300373513,-0.02051853931043976,0.14749829670660286,0.8080144584301472
-0.12873597888473343,-0.2599064050850168,-0.10281550949708765,-0.20807195088094282,-0.4964432780117175,-0.368232558499619,-0.11073523518902365,0.15141038289447822,-0.30321337263549175,-0.0786638521960651
0.5810850661160479,0.7307966373148148,0.5098314425978161,0.222672846482421,0.10245291368774226,0.1694376398593899,0.4904741386363992,0.6216904458593172,-0.21464821680813115,-0.4650620934598225
-0.7171986199498466,-1.0990163301117724,-0.603540105201043,-0.6994679007362691,-0.4719983362649547,-0.7720614213269338,-0.6021446152196666,-0.787399433012976,-0.4959850534259068,-0.38429161262496947
-0.6072771861716173,-0.7710205174126281,0.2977572253601727,-0.37534170738028566,0.4926267186857979,-0.4014479052824215,0.2823696645582312,0.2254289394807257,-0.8261062863620807,0.536467325191106
0.06426789043031603,0.5742250979504891,0.6843660930586984,0.2952282858859533,0.3984850206009731,-0.30959147578113877,0.6617307264673494,1.2062983286515356,-0.7391353118109347,0.4684542141141567
-0.6883272793602379,-0.3256067053943732,-0.1324965152657729,-0.4514886485119874,-0.3502839100572759,-1.1559765976362584,-0.13993009194623757,0.012131265470961378,-0.8851011535567921,0.4396544232586166
-0.09283121591537402,-0.36773704632774773,-0.2704935805598029,-0.4109617515764798,0.16605561824631276,-0.268903402285847,-0.2752757398480839,-0.835955513335587,-0.15229449108934523,-0.41256146732800403
0.2737551218696852,0.43930547324436414,0.7792808599634643,-0.1070629628669705,0.38338223348937217,0.1305442674937793,0.7548385384156261,0.45975397603388796,0.22403071155192641,0.24940205248673802
0.4335244178973006,0.7920082798223175,0.7542745263159197,0.6775405804357587,-0.20391205623173866,0.45454281565409793,0.849480437700843,0.4708284436508786,0.22154981435869045,-0.20390676361104138
0.2659481485303194,0.07931112831273629,-0.9738562857558903,0.15548002235004524,-0.6676011728971778,0.3081183210869564,-0.9655344749182699,-0.27455718036982935,1.2981274882858345,-0.9556796108939442
-0.21380597479787924,-0.3018505055806071,-1.7654584746920194,-0.656260367891449,-0.6519043943331705,-0.3085923045748192,-1.7423027581598973,-1.1458325401975633,-0.02290954040383075,-1.3065918307130973
0.7337990227844299,0.6797268324345999,0.7448200145988724,0.8232704992765564,0.7210214261987792,0.9523765334392502,0.8589044762841865,0.5302056240004746,0.480630117207534,0.7559678688009325
-1.2124568104834132,-0.9700900942480025,-0.45621694405595603,-0.7025661234320425,-0.4318517967617951,-0.6824547817757313,-0.4575178725974329,-0.9615958094223397,-0.9142451085101277,-0.46514825053305753
-0.09373116767429271,0.13182100750908793,0.49820946578692216,0.14082575692894833,1.0585466774901768,0.28841742273862137,0.4790668931614037,0.040925536070441616,-0.1511005340701916,0.4295434964294104
-0.14086645626421995,-0.01829284826634986,-0.6940584656030425,-0.19307339502726642,-0.4796710241543292,-0.8125097090426197,-0.6909011165248824,-0.7059120854097642,-0.4495859096428847,-0.45613236491774756
0.17560559052386207,0.28082201962667913,0.14978096804585167,0.33829286844185175,-0.8448259563256093,0.5442793454702203,0.2400852205092605,0.3696349674007074,-0.0747368738255047,0.08495693476430509
0.13752567629177243,0.3384687099751158,0.7313419815294189,0.23578251102831999,0.03404073388813632,0.7474020750154566,0.7077979614968051,0.3381393623734586,-0.5740600590290649,0.9345459775142668
0.5620240307811113,0.8631658582342117,-0.18673627725167813,0.7715038979380248,-0.19607925208231755,0.46276460816888787,-0.19313716217652127,0.31708653148884663,0.9959561736269309,-0.6695399942834945
-0.0691824441142335,-0.0980036951153459,0.14232781300599107,-0.11852318363318175,-0.3608809308654745,0.3370549378133013,0.1298061132681632,0.5546242947041187,0.06064210753980219,0.05662575101103221
-0.6920080687628253,-0.2309556845635318,-0.6577556550040297,-0.7204947383673885,-1.0736751138679326,-0.28972890506948423,-0.6553435775906659,-0.8781884393925447,-0.183859531754445,-0.13368144286021166
-0.3825692564339956,-0.3235219369181905,-0.4754471823744665,-0.18481225540207458,-0.32456017783320296,-0.08897709909028496,-0.4764368609159709,-0.3370462358533544,-0.06109997757809029,-0.1107647526461914
0.10854122503707714,0.3446444138800156,0.30053798839349777,0.8827209998498073,-0.661220031267917,-0.29693035024651726,0.2850868251116542,0.2036458128706692,-0.1854649622782231,0.3795409727036236
-0.42592796188859583,-0.5090753575045547,-1.196580179703115,-0.2989836339101601,-0.2775668042060996,-0.39928436920766125,-1.1840274066795595,-0.9671116207863972,0.4387207070888882,-0.9928003976781561
0.3811729969769062,1.2765267708873769,0.7225419999486089,0.4510600538404131,-0.3358821066922114,0.021739713261611584,0.699213571682604,0.9180729730459822,0.3260104964473251,0.5141435589979638
-0.09527772750721812,0.07662407981704202,0.24376867521229026,0.305270560221758,-0.22627227078174988,0.27992563048982083,0.22929162610265616,0.435749108015249,-0.8073265162876089,0.40894742423542746
0.1931006727865783,0.46042591492896473,0.1523739348899137,0.6863004104761082,-0.14508696946498584,-0.09208396135346458,0.13960182871616056,0.48339898052941505,-0.21097722223680868,-0.3556350420185375
0.2923873773605472,0.8062834675025108,0.03158971320327422,0.40373099553607295,0.23778024697498562,-0.010603792653048933,0.021107556236875328,0.17139486319473937,0.38724352852092564,-1.2270883845135117
0.287198290779201,0.4732421201219408,0.3529570521962865,0.24082396212946222,0.5583784710888938,-0.25154770433499885,0.33654748639139404,0.5774916828704628,0.45088386794981056,0.8088449693040335
-0.04994380739839908,0.2863065962990676,0.4362561610178115,-0.40650667583470773,0.07201829610954907,0.16307585518404982,0.4182633468958807,-0.05962777662065805,0.37823543028722173,0.25309459129185075
-0.2423673439809773,-0.6218158352778768,0.16589118498000327,-0.43867071479528796,0.8950329212674589,-1.0034454927773881,0.1529744441502513,0.4120844602579382,-0.6069260432657549,-0.2848774560960692
0.5272340159968549,0.8562333108275219,0.6935577942352663,1.035209681316474,0.6094187178739898,0.24324998294023978,0.6784806289900777,0.9421353148365365,0.40842398635179655,0.6019959626551901
0.057760718038984575,0.42997881223886636,0.15103826696059935,0.2098123481668144,-0.5298169398056378,-0.5469961394530597,0.1383495030162148,0.4428246433685493,-0.393138979611326,0.4689969975805762
-0.7298151427681872,-0.2610537232129097,-0.15808176840255547,-0.28397317862994137,-0.42058927999792,-0.5191845139315805,-0.16501988571318096,-0.24652874137481062,-0.24320994214093417,0.08096115986065092
0.2969719880384821,0.16483608038994238,-0.4978093239826941,-0.09126024182571614,-0.31645424516209014,-0.3098215393574365,-0.4983683806896933,0.19913945527140853,-0.27903675954421225,-0.7189533898534981
-0.22384555254560845,-0.44028533978804113,-0.3815676066777582,-0.283449612233685,-0.5368360431657688,-0.39313958546539596,-0.3843085512930131,0.07157256285810472,-0.6709296393440313,-0.2451551869551602
0.711832805981369,0.43849139354819605,0.4598015458064524,0.8092696204404718,0.3918205539993666,1.038766966549456,0.48907836698534635,1.1997634395151413,0.4688750010176098,-0.07363522120184023
-0.7509978153142247,-0.2611188792017182,-0.43809979335240795,-0.7935616625329203,-0.28034637123458306,-0.6845777565617445,-0.43970620201719773,-1.1070892222210262,0.046443449149576925,-0.8467267074599615
0.19771376866830462,0.5264203681367865,0.38724809283099426,0.32751576549439515,-0.8664506810708233,-0.15734766987280693,0.4155507901301754,-0.27213578661198407,-0.09756801726324293,0.9490812599480561
-0.053677160998631845,-0.35203144893603106,0.20149841826898496,-0.09375818531636942,0.6579466496207377,-0.0714123966637232,0.18783919560185566,-0.38649491716149487,0.10228188494238445,0.4827725978524119
-0.41968042754928353,-0.23214926206764483,0.19486581302162595,-0.08046558669267355,0.06431520782176092,0.10146335683162831,0.1813627371899269,0.2868756014825114,0.1245474023898564,0.23639517230114432
0.013298288505394855,0.2734434543257857,0.21484036938677123,0.3091105910428178,-0.584330370679118,-0.17465961284808132,0.20104263213286966,0.35067172207044384,0.3795676563878636,0.2682507329760652
0.033530801829858146,-0.010368539265650647,0.4010759674974646,0.4134577839744721,0.07848855387596983,-0.2076108082477505,0.3837226228100738,0.48671916075792726,-0.04204987846373624,0.4728357111249859
0.4700427633707041,0.04815996386083105,-0.06525230186314479,-0.07625352496017884,-0.6155810072773144,-0.19381199745406993,-0.07392663045434661,0.43641032995583046,-0.06327551612296753,0.51381838355445
-0.39318652082100636,-0.08628444682395142,-0.4984816257116663,0.23992366978098095,-0.13397178333384024,0.16053165651486292,-0.49907663809620906,-0.11131630547898515,0.46443964068134325,-0.45170619785821253
-0.2230949957284308,-0.3739096290451075,0.20231367136133716,-0.1747332740612796,0.32480668380587474,-0.24952605971461078,0.18858819013002653,0.08691606379985255,0.29444572456777723,0.8270754269790981
0.8311457613169084,0.7806760692162428,-0.2051734804938914,0.5142759090538491,0.18154730102520966,0.7060089015596517,-0.21123884734507753,0.4895767887790264,0.5816931978821203,-0.16883906948801933
0.359831671312493,0.3865384471046132,0.408349609451345,-0.11868020686738394,-0.44328631577931643,-0.24832554671903306,0.39087652042915505,0.7461849830541817,0.026095104768437287,0.8739613451213578
0.2696385571272832,0.25462730830200886,0.7098145659557605,0.3942619919044865,1.117191084345576,0.34094082551132854,0.686662389057654,0.2888160621446309,0.004881342702969592,0.915949016253299
0.6363027528114814,0.4800551463836715,0.847316510949088,0.18645066134756086,0.511344914625815,0.501250871302616,0.8216225144668907,1.0579192748328288,-0.059923341941010275,0.6305625020425455
-1.0916201795681186,-0.7911723813813555,-0.5311898226588324,-1.1082610116590044,-0.44306384740030186,-0.5595884981188967,-0.5311145335791753,-1.034003102301213,-0.6642784255789633,-0.003053622917734615
0.20651168555024155,0.44299832651405296,0.21754074257449854,0.0016507680866104603,-0.25506476202396106,0.5963218750583337,0.20359692766334148,-0.3195046523406405,0.018540789899966072,-0.17203506566624438
-0.5869482547847364,-0.934449542534017,-0.43143846046883516,-0.5698091751936092,-0.6743597638451915,-0.5095776925670268,-0.4332163405096319,-0.6330205762536999,0.06074052123925235,-0.8012222135135834
0.5320831434985146,0.13644128027197688,-0.2989179108192363,0.22200539939636071,-0.6741932947336674,-0.011131321824444868,-0.30317567536295065,-0.2548457819008963,0.5497538194042821,0.013923941682402886
0.603170241490975,0.08082343649476185,0.3892438001077756,0.6649683948575074,-0.08749225012820917,-0.16815685739924932,0.4457806929000724,-0.3680990294379962,-0.2854480605112786,1.1629034257548254
-0.5883585040700868,-0.4692564537852575,-1.0186159988870753,-0.1868975264068703,-0.1875569879914221,-0.2559969250212576,-1.0094922853472348,-0.7862245375366217,-0.4776695526688645,-0.8058150800353905
-0.1377002432086745,0.3237197231163218,0.09324883293139224,-0.004602353189410702,-0.7423510857786679,-0.27451375742001255,0.08168042253347853,0.37507737007932157,-0.2727858664671393,-0.43201592202032535
-0.6636394665293468,-0.35658079340777527,-0.5774801111010288,-0.13036989410839855,-0.15863368760565627,-0.15590302252295637,-0.5765374718243449,-0.08768324840705202,-0.5229819908195382,-0.41894894294006946
-0.46795100912340737,-0.49033621127465277,-1.2905590151827167,-0.5658593081822525,-0.47308168779087345,-0.48013192428438445,-1.276248753286754,-0.7329522258644471,0.4302685237584342,-0.7933784794178996
0.31472755660980173,-0.21976362000783994,0.4880516764728688,-0.11439006659663799,0.3428281908854445,0.5460677768834882,0.46909453635794746,-0.05629762360898655,-0.25707393693062264,0.41586168471208457
0.08656588761056311,-0.7764768581657321,-0.03265605076025552,-0.08807370372303489,-0.540061469648372,-0.39084333305195385,-0.04193712917346115,-0.17352852877091646,-0.29672549526499115,0.8449068642564702
-1.0601300141810206,-0.31982582731121795,-0.4994858019139906,-0.6956803203210238,-0.8154671215571907,-0.5263029107266073,-0.5000569568919537,-0.6015813317372912,-0.3933895140393726,-0.2656614506420456
-0.2799653586076614,-0.11422891412352121,0.002192089862408305,-0.1482230408167053,-0.5387048925374187,0.6205370114836194,-0.007674725887582193,-0.7084644656490553,-0.3977409849614144,0.9060282835844496
0.3464543815424397,0.5706844201447335,0.25151605501102553,0.7788110894054449,-0.25549977303597254,0.9146606544231246,0.23695443765071458,0.37038460233665127,0.5212461301523319,-0.2977607066841227
-0.42063627446360674,-0.7900933451019931,0.4051606952991752,-0.15406682059914667,0.3182206277300315,-1.1791537901688993,0.38771648476431547,0.1623945229940107,-0.8602825674719895,0.23609776772036675
0.3165522221973481,0.16185569168987007,0.324977171265018,0.2088478983562428,-0.057369501610845836,0.11276161889726237,0.3254816449009386,0.252529105806803,0.3571920399481334,-0.21905186306443605
0.8888573647121716,0.9274238095502233,0.4922128559289845,0.5757995663218923,-0.09954912151462646,0.46283326572489836,0.4731687952104907,0.7352162009802694,0.4920235975834816,-0.34101829712492804
-0.03549139424404294,-0.266763194386939,0.24458174175224726,-0.2919609243621479,-0.3017375245481169,0.15684822901641002,0.2300991157583129,0.32177703875855185,0.12079361013305583,0.020909333210078755
0.4271880783317539,0.7398945802361966,0.11928042454554054,0.6535792319724921,-0.5624772759772638,1.1375346496151624,0.10715609970905975,0.004927794373213229,0.37951240100382705,-0.2984943837895729
0.7184265411387326,0.5961864771444189,0.22452151482261207,0.18931507708822223,0.20771333820403995,0.03391654847290839,0.21044552645722106,0.8965987947473903,-0.014194231319835323,-0.6629720520433106
0.006983548478607274,-0.23669858519829823,-0.03615695879466276,0.2658583906187035,0.5690312345503319,-0.12113121201106428,-0.04531924641302366,-0.18754694174441539,-0.0557809965913387,-0.04704298920009342
-0.062269237461787384,-0.2937191526337046,0.06887553002572318,0.0012495329566565298,-0.011744326692790831,-0.10389744453227609,0.0577323230155951,0.49380691117526126,-0.040717161146535445,-0.4814473736746563
0.2385691540071815,0.16632810954592914,0.35734595335290575,0.6507763056857706,0.22202165150368813,-0.06877412620130642,0.34087236673194293,-0.25151445397849576,0.07557484618889743,0.7257895669783405
-0.03782010371345396,-0.2604727784554124,-0.305869495542765,-0.2479558008196349,-0.7264502986525018,-0.3421095873081405,-0.3100494815914121,-0.28341919374010255,-0.1916479926117887,-0.25744490522624625
0.8395139841563043,0.039901783165141015,0.4311699012901781,0.16998277917096474,0.5033673991462622,0.4876678184096723,0.41325367216504666,0.26719783118667106,0.2821712360780428,1.2456149656964175
-0.12526120011146216,-0.19711962793152035,0.6304989090896115,-0.612940663974329,-0.16128318438051262,-0.27961704303389184,0.6088122145131026,0.38254612808196503,-0.242371924020297,0.03564686400855778
0.530926492701133,0.02594304350743824,-0.2242721177706878,0.008632959791451218,-0.29164922689744466,0.3038460964171966,-0.22993270191883527,-0.3925820506827821,0.08734786706188953,0.5966940170963917
-0.2569645409798296,-0.4956188522129091,0.5019269660698874,-0.2789639604569083,0.34249974850706516,0.3802744983520308,0.48268735558403214,-0.19954250749861652,-0.11879046281559305,0.7041706673434782
-0.08672258649456678,-0.47165650707809165,0.6373722247256212,-0.4987996397605146,1.0198180626201436,-0.3892680874293452,0.6155907704763413,-0.5496323816150598,-0.8316806255145814,0.08401199139738598
-0.10841976381685693,-0.2766765841388993,-0.8862309119927435,-0.37112370870000794,-0.3021554340872159,-0.44481831019149204,-0.8795448021698926,-0.6470679338307609,0.03553988280377454,-0.7737888693989929
0.007410196479682134,0.04057642561809656,-0.35971304377911334,-0.07831696374274356,-0.076407620531104,-0.6997170575139209,-0.36285389263448786,-0.1334959471644656,-0.3657441497282062,-0.34832769307863387
-0.17358617709482718,-0.3280421385695407,-0.11304201802138779,-0.612237093982002,-0.5446411520881992,-0.5511512882543311,-0.12079706825489595,-0.147112003671958,-0.4530615263770282,0.034784520483150366
-1.300591214873286,-1.2841260023052055,-1.5614323014871323,-1.287602343641399,-0.6306255614452076,-1.7991611604685278,-1.5420836218259164,-1.7640488387180917,-1.4484780857386077,-0.8500105181905752
